PointArng, TriangleSize, Extension, Spread, Limit, PerpSym, ParallelSym, OrthoNorm, Volume,GraspIt_Volume,GraspIt_Epsilon,GraspIt_ContactEnergy,GraspIt_AutograspQuality, Hand_Qx, Hand_Qy, Hand_Qz,Hand_Qw,Hand_x,Hand_y,Hand_z, ObjectName, Object_Qx, Object_Qy, Object_Qz,Object_Qw,Object_x,Object_y,Object_Qz, Start_Position,1.39E+18,Succ_Rate,
0.736808459,0.000377056,0.0043205,0.737309,0.804899612,0.000181189,8.76E-05,1.29580056,5.61E-05,0.00119,-2.00E+05,22.9933,2.00E+07,0.194406958,0.400800026,0.624411041,0.641619923,0.385842339,0.014717074,-0.152649834, waterbottle,0.707106781,0.707106781,0,0,0.38439,5.42E-34,-0.295,0,1.39E+18,10,
0.879040131,0.000443729,0.002318,0.763909,0.735508056,0.000176553,8.92E-05,1.21815739,8.32E-05,0.00158,-2.00E+05,25.8177,2.00E+07,0.115296309,-0.443343855,0.684217347,-0.567450094,0.385241354,-0.004675385,-0.155808267, waterbottle,0.707106781,0.707106781,0,0,0.38439,5.42E-34,-0.295,0,1.39E+18,9,
0.514015797,0.000173134,0.042612501,0.852394,0.804899612,0.00018125,8.89E-05,1.38824568,2.84E-05,0.000196,-2.00E+05,22.2591,2.00E+07,0.551160812,0.812147059,0.086740951,0.170630952,0.38417276,-0.016880529,-0.143743691, waterbottle,0.707106781,0.707106781,0,0,0.38439,5.42E-34,-0.295,0,1.39E+18,10,
0.86831125,3.42E-05,0.0168395,1.00745,0.764368152,0.000170508,9.61E-05,1.527402696,6.16E-05,0.000277,-2.00E+05,27.6703,2.00E+07,-0.028866175,-0.015747057,0.938660261,0.343272034,0.384042634,-0.007914858,-0.143598317, waterbottle,0.707106781,0.707106781,0,0,0.38439,5.42E-34,-0.295,0,1.39E+18,3,
0.776078999,0.000334606,0.021128001,0.807404,0.733598196,0.000175551,0.00010439,1.392303823,2.42E-05,0.00102,-2.00E+05,27.4529,2.00E+07,-0.435305541,-0.60147149,0.604055553,0.289582495,0.389098076,-0.000580588,-0.143516338, waterbottle,0.707106781,0.707106781,0,0,0.38439,5.42E-34,-0.295,0,1.39E+18,6,
0.845546775,0.00036752,0.016150501,0.999698,0.725109932,0.00018126,8.12E-05,1.120923991,6.03E-05,0.000325,-2.00E+05,27.6408,2.00E+07,-0.448722182,0.573909959,-0.301922979,0.614913228,0.381453227,0.001271314,-0.155874808, waterbottle,0.707106781,0.707106781,0,0,0.38439,5.42E-34,-0.295,0,1.39E+18,10,
0.911683618,7.98E-05,0.0122855,0.749201,0.796199142,0.0001751,9.64E-05,1.680887544,0.000104016,0.00013,0.0135,26.5914,-1.35701,0.049688544,-0.075136729,0.99315577,0.074344721,0.383736942,0.000743807,-0.137076471, waterbottle,0.707106781,0.707106781,0,0,0.38439,5.42E-34,-0.295,0,1.39E+18,9,
0.832043889,5.03E-05,0.0007505,0.838635,0.782193506,0.000182469,0.000105587,1.144322015,1.51E-05,0.000256,-2.00E+05,24.4417,2.00E+07,-0.23035047,-0.04234288,0.795054252,-0.559494841,0.38706376,-0.013991513,-0.147990801, waterbottle,0.707106781,0.707106781,0,0,0.38439,5.42E-34,-0.295,0,1.39E+18,10,
0.709990024,0.000104346,0.055164502,0.941054,0.790257357,0.000174791,9.63E-05,1.415563298,3.86E-05,0.000182,-2.00E+05,28.4904,2.00E+07,-0.305850683,0.941639593,0.135335479,0.038138494,0.384491737,0.006799879,-0.13481011, waterbottle,0.707106781,0.707106781,0,0,0.38439,5.42E-34,-0.295,0,1.39E+18,8,
0.702167046,0.000324359,0.021979501,1.09526,0.744208526,0.000186833,0.00011066,1.182367531,1.72E-05,0.000254,-2.00E+05,28.5806,2.00E+07,0.552239841,0.285226492,-0.601882484,-0.501412486,0.384200613,-0.01229591,-0.141907897, waterbottle,0.707106781,0.707106781,0,0,0.38439,5.42E-34,-0.295,0,1.39E+18,10,
0.879491644,0.000185473,0.037803501,0.789821,0.775615103,0.000173256,0.000104629,1.081806651,1.79E-05,0.000161,-2.00E+05,27.3904,2.00E+07,-0.354005675,0.213879931,0.854055939,-0.315473946,0.385209127,-0.008676507,-0.139768977, waterbottle,0.707106781,0.707106781,0,0,0.38439,5.42E-34,-0.295,0,1.39E+18,8,
0.651794844,0.000351756,0.020794501,1.25922,0.720016975,0.000183879,0.000106214,0.87573139,3.04E-05,0.000463,-2.00E+05,36.1623,2.00E+07,0.789117066,0.328194001,-0.483982001,-0.188001,0.397000829,0.004996125,-0.148876575, waterbottle,0.707106781,0.707106781,0,0,0.38439,5.42E-34,-0.295,0,1.39E+18,0,unreachable
0.547414242,4.54E-05,0.042738502,0.931508,0.774554069,0.000189108,9.34E-05,1.329450876,2.29E-05,0.000964,-2.00E+05,19.6248,2.00E+07,0.789609323,0.588311138,-0.02251185,0.172917146,0.388264582,-0.008009886,-0.156522026, waterbottle,0.707106781,0.707106781,0,0,0.38439,5.42E-34,-0.295,0,1.39E+18,10,
0.510320565,0.000174902,0.0180395,0.940824,0.75206017,0.000178589,9.00E-05,1.283375689,3.53E-05,0.000293,-2.00E+05,23.0761,2.00E+07,0.131029331,0.325454634,0.63279276,0.690278146,0.384746467,0.008925328,-0.157983558, waterbottle,0.707106781,0.707106781,0,0,0.38439,5.42E-34,-0.295,0,1.39E+18,10,
0.510320565,0.000174902,0.0180395,0.940824,0.75206017,0.000178589,9.00E-05,1.283375689,3.53E-05,0.000293,-2.00E+05,23.0761,2.00E+07,0.131029331,0.325454634,0.63279276,0.690278146,0.384746467,0.008925328,-0.157983558, waterbottle,0.707106781,0.707106781,0,0,0.38439,5.42E-34,-0.295,0,1.39E+18,10,
0.729542848,3.68E-05,0.029935501,1.09251,0.76203388,0.000169639,9.62E-05,1.240591194,3.39E-05,0.000882,-2.00E+05,23.8316,2.00E+07,-0.081721199,-0.184460983,0.837488589,-0.507847078,0.383665617,-0.00337315,-0.145044147, waterbottle,0.707106781,0.707106781,0,0,0.38439,5.42E-34,-0.295,0,1.39E+18,9,
0.729542848,3.68E-05,0.029935501,1.09251,0.76203388,0.000169639,9.62E-05,1.240591194,3.39E-05,0.000882,-2.00E+05,23.8316,2.00E+07,-0.081721199,-0.184460983,0.837488589,-0.507847078,0.383665617,-0.00337315,-0.145044147, waterbottle,0.707106781,0.707106781,0,0,0.38439,5.42E-34,-0.295,0,1.39E+18,8,
0.768254262,1.96E-05,0.012768001,0.763556,0.759487401,0.000171676,9.55E-05,1.373635997,3.20E-05,0.00191,-2.00E+05,27.1004,2.00E+07,0.591041046,-0.796442331,-0.124078647,-0.030896349,0.384103674,0.006651852,-0.156064587, waterbottle,0.707106781,0.707106781,0,0,0.38439,5.42E-34,-0.295,0,1.39E+18,10,
0.837906839,0.000132266,0.052218502,1.26501,0.817632008,0.000172621,9.87E-05,1.552012386,9.40E-05,0.000146,0.000915,23.4314,-0.0958477,-0.025115921,0.996130535,-0.083427665,0.011531401,0.392226173,-0.002870761,-0.142325251, waterbottle,0.707106781,0.707106781,0,0,0.38439,5.42E-34,-0.295,0,1.39E+18,10,
0.926785558,0.000145697,0.029434501,0.737367,0.774766276,0.000176044,9.47E-05,1.429444773,5.06E-05,0.000177,-2.00E+05,28.144,2.00E+07,0.305675511,0.949187505,0.0019655,0.074844499,0.38081631,-0.001827223,-0.133754981, waterbottle,0.707106781,0.707106781,0,0,0.38439,5.42E-34,-0.295,0,1.39E+18,10,
0.914951054,3.51E-07,0.025574001,0.732173,0.796199142,0.000170161,9.73E-05,1.564560561,7.32E-05,0.000124,-2.00E+05,27.838,2.00E+07,-0.060650163,-0.524764497,0.844126581,0.091619293,0.382952011,0.009000434,-0.142912713, waterbottle,0.707106781,0.707106781,0,0,0.38439,5.42E-34,-0.295,0,1.39E+18,10,
0.960942734,0.00018772,0.058143502,0.889726,0.820178487,0.000104407,9.51E-05,1.504140481,4.51E-05,0.000528,0.00128,23.3182,-0.144031,0.059216043,0.981348948,0.177355974,0.044638116,0.393646208,-0.000677065,-0.233126133, sodacan,0.707106781,0.707106781,0,0,0.38602,5.42E-34,-0.295,0,1.39E+18,10,
0.989599724,0.000136875,0.029314501,0.783588,0.817419801,0.000103188,9.60E-05,1.620168003,2.18E-05,0.000581,0.0382,24.3813,-3.83527,-0.014704405,0.803055762,-0.595392456,-0.019825421,0.390380479,-0.002731445,-0.23483908, sodacan,0.707106781,0.707106781,0,0,0.38602,5.42E-34,-0.295,0,1.39E+18,10,
0.977968518,8.07E-05,0.050178501,0.93707,0.823361586,0.000106045,9.68E-05,1.551418949,3.30E-05,0.000604,0.0245,23.5222,-2.46534,-0.004164659,-0.133548647,0.990157247,-0.04166583,0.379579291,-0.002149202,-0.231481762, sodacan,0.707106781,0.707106781,0,0,0.38602,5.42E-34,-0.295,0,1.39E+18,10,
0.959886587,7.38E-05,0.032199501,0.735614,0.79938224,0.000106337,9.94E-05,1.305743971,4.44E-05,0.000806,0.00147,26.7002,-0.171511,0.22061343,0.86248745,-0.454058542,0.035720503,0.38127805,0.00080558,-0.22957088, sodacan,0.707106781,0.707106781,0,0,0.38602,5.42E-34,-0.295,0,1.39E+18,10,
0.903763105,0.000215539,0.025101501,0.738992,0.7819813,0.000111459,9.30E-05,1.371476567,4.85E-05,0.000926,-2.00E+05,30.1465,2.00E+07,0.34066249,0.925816495,0.086774501,0.138863501,0.385064236,-0.001441166,-0.221087247, sodacan,0.707106781,0.707106781,0,0,0.38602,5.42E-34,-0.295,0,1.39E+18,9,
0.950790432,2.38E-05,0.032721501,0.732011,0.802565339,0.000115911,9.87E-05,1.749181872,4.33E-05,0.000673,-2.00E+05,28.7715,2.00E+07,-0.004384563,-0.457197694,0.866026711,0.20235805,0.381079217,-0.005335416,-0.216347601, sodacan,0.707106781,0.707106781,0,0,0.38602,5.42E-34,-0.295,0,1.39E+18,10,
0.724107144,0.00077167,0.68634202,0.747068,0.591207572,0.00010794,9.69E-05,1.298020742,0.000125146,0.000443,-2.00E+05,26.1327,2.00E+07,0.299384075,0.726744081,0.483948969,0.384714975,0.397952629,0.002223443,-0.221241542, sodacan,0.707106781,0.707106781,0,0,0.38602,5.42E-34,-0.295,0,1.39E+18,0,unreachable
0.956607493,0.000347431,0.026019501,0.758448,0.770522144,0.000113662,8.83E-05,1.248630081,5.79E-05,0.000884,-2.00E+05,28.6753,2.00E+07,-0.209547702,0.65611183,-0.585064334,0.428143378,0.383848257,-0.003489614,-0.22265925, sodacan,0.707106781,0.707106781,0,0,0.38602,5.42E-34,-0.295,0,1.39E+18,10,
0.872578525,0.00013313,0.021738501,0.736384,0.771158763,0.00011804,0.000102909,1.431342934,2.11E-05,0.000975,-2.00E+05,30.3133,2.00E+07,-0.268141185,-0.480449654,0.782322204,0.291959593,0.387614925,0.002072678,-0.212578048, sodacan,0.707106781,0.707106781,0,0,0.38602,5.42E-34,-0.295,0,1.39E+18,8,
0.370900719,0.000372463,0.529449514,1.45643,0.613489264,0.000112482,0.000120206,1.971989815,0.000111379,0.000638,-2.00E+05,28.389,2.00E+07,-0.290221465,0.844911083,-0.442299024,-0.079172827,0.389458626,-0.005593433,-0.216106415, sodacan,0.707106781,0.707106781,0,0,0.38602,5.42E-34,-0.295,0,1.39E+18,0,unreachable
0.939048839,4.92E-05,0.007478,0.761163,0.808082711,0.000119862,9.69E-05,1.673902044,2.90E-05,0.000555,0.00983,30.1322,-0.999897,0.06016541,0.755926626,-0.640915656,-0.119088964,0.388525673,0.002408678,-0.211206301, sodacan,0.707106781,0.707106781,0,0,0.38602,5.42E-34,-0.295,0,1.39E+18,10,
0.975347961,0.000101104,0.015392,0.746562,0.812751256,0.000104854,9.60E-05,1.612319316,3.25E-05,0.000617,0.0347,24.7254,-3.49287,0.020981134,-0.004373921,0.998734077,-0.045507181,0.38602744,-0.000114779,-0.232122595, sodacan,0.707106781,0.707106781,0,0,0.38602,5.42E-34,-0.295,0,1.39E+18,10,
0.934936968,6.27E-05,0.056552003,0.774036,0.823998206,0.000110904,9.92E-05,1.705286194,3.05E-05,0.00634,0.0333,27.0469,-3.52039,0.038298575,0.690671607,0.719888784,-0.057149717,0.375557647,0.008030893,-0.225869139, sodacan,0.707106781,0.707106781,0,0,0.38602,5.42E-34,-0.295,0,1.39E+18,10,
0.774203336,6.22E-05,0.047162001,0.84606,0.808082711,0.000108018,0.000100009,1.337310911,2.62E-05,0.000749,7.22E-18,27.5466,-0.0224775,-0.206688424,0.400465914,0.877499121,-0.164019024,0.382318372,-0.010337568,-0.225591352, sodacan,0.707106781,0.707106781,0,0,0.38602,5.42E-34,-0.295,0,1.39E+18,8,
0.823161536,0.000358789,0.033733502,0.781817,0.765853599,0.000113414,8.65E-05,1.134146713,6.29E-05,0.00177,-2.00E+05,29.2085,2.00E+07,0.399102635,0.823578784,0.196416376,0.351931358,0.3888867,0.004968164,-0.227816173, sodacan,0.707106781,0.707106781,0,0,0.38602,5.42E-34,-0.295,0,1.39E+18,10,
0.982122849,0.000123011,0.046828502,0.967365,0.81869304,0.000123523,9.72E-05,1.516415677,1.92E-05,0.000669,-2.00E+05,29.4957,2.00E+07,0.120838758,0.973564579,-0.193791367,0.003861497,0.388269357,-0.005230194,-0.206956039, sodacan,0.707106781,0.707106781,0,0,0.38602,5.42E-34,-0.295,0,1.39E+18,10,
0.573555575,0.000236734,0.0007955,1.50708,0.661872367,0.000114006,0.000106613,1.572131311,0.000124732,0.0066,0.045,19.0108,-4.69579,0.017411439,0.711996893,-0.701733376,-0.018097944,0.41816505,-0.019385117,-0.212840263, cdcase,0.707106781,0.707106781,0,0,0.4175,5.42E-34,-0.295,0,1.39E+18,8,
0.578065851,0.000246481,0.0044795,1.49431,0.670785044,0.000115733,0.000106105,1.314015574,0.000112877,0.00824,0.0247,20.9658,-2.71467,0.100016731,0.703615511,-0.698811996,0.081139765,0.419028957,-0.005695796,-0.210274905, cdcase,0.707106781,0.707106781,0,0,0.4175,5.42E-34,-0.295,0,1.39E+18,0,
0.486322423,9.96E-05,0.0064205,1.52384,0.654020723,0.000112521,0.000102461,1.383571319,9.82E-05,0.0063,0.00694,23.1996,-0.883416,-0.174663743,-0.68100521,0.709694876,0.045361481,0.42777724,-0.009632156,-0.214414674, cdcase,0.707106781,0.707106781,0,0,0.4175,5.42E-34,-0.295,0,1.39E+18,10,
0.486322423,9.96E-05,0.0064205,1.52384,0.654020723,0.000112521,0.000102461,1.383571319,9.82E-05,0.0063,0.00694,23.1996,-0.883416,-0.174663743,-0.68100521,0.709694876,0.045361481,0.42777724,-0.009632156,-0.214414674, cdcase,0.707106781,0.707106781,0,0,0.4175,5.42E-34,-0.295,0,1.39E+18,10,
0.510284192,0.000327108,0.004514,1.48024,0.65423293,0.000118105,0.000100499,1.721738557,0.00014387,0.00761,0.0161,28.0841,-1.8383,0.133443378,0.654780852,0.743044304,0.03660688,0.414558975,0.022518993,-0.211366183, cdcase,0.707106781,0.707106781,0,0,0.4175,5.42E-34,-0.295,0,1.39E+18,2,
0.714613875,0.000322911,0.036348501,1.36522,0.677787862,0.00011129,0.000102965,1.228080266,0.000104691,0.00565,-2.00E+05,27.9096,2.00E+07,-0.027649269,0.559408839,0.786073659,0.26150616,0.41160435,0.005431283,-0.213828528, cdcase,0.707106781,0.707106781,0,0,0.4175,5.42E-34,-0.295,0,1.39E+18,9,
0.409258043,0.000140209,0.077246003,1.38773,0.716621669,0.000124748,0.000103728,2.28029963,3.86E-05,0.00089,-2.00E+05,24.6393,2.00E+07,0.259855303,0.596039361,0.723796588,-0.230934624,0.411537716,-0.006305514,-0.204478481, cdcase,0.707106781,0.707106781,0,0,0.4175,5.42E-34,-0.295,0,1.39E+18,10,
0.528546217,0.000143205,0.027213501,0.950648,0.739964394,0.00011815,0.000100301,1.802664859,8.91E-05,0.00469,-2.00E+05,27.4234,2.00E+07,0.10849139,0.85496264,0.502271427,-0.070653497,0.420526244,-0.004052063,-0.209977472, cdcase,0.707106781,0.707106781,0,0,0.4175,5.42E-34,-0.295,0,1.39E+18,10,
0.532195053,0.000343157,0.081091502,1.25678,0.681183167,0.000127716,0.000108469,1.453846109,0.000120987,0.00108,-2.00E+05,31.5726,2.00E+07,0.081095756,0.751926177,0.637658768,0.146361871,0.394811824,0.017860757,-0.202519239, cdcase,0.707106781,0.707106781,0,0,0.4175,5.42E-34,-0.295,0,1.39E+18,0,
0.629964753,4.08E-05,0.021739501,0.977909,0.766490218,0.000114096,8.89E-05,1.636926281,9.13E-05,0.000678,-2.00E+05,32.3691,2.00E+07,-0.172940105,0.900947065,0.382448929,-0.11008598,0.44956493,-0.008963793,-0.219105521, cdcase,0.707106781,0.707106781,0,0,0.4175,5.42E-34,-0.295,0,1.39E+18,9,
0.841179546,7.00E-05,0.011894001,0.862552,0.713862983,0.000117492,9.49E-05,2.122814713,9.56E-05,0.0011,-2.00E+05,33.0861,2.00E+07,-0.102033696,0.727316007,-0.621186843,-0.273363231,0.440579602,-0.011426707,-0.210799236, cdcase,0.707106781,0.707106781,0,0,0.4175,5.42E-34,-0.295,0,1.39E+18,4,
0.86763958,0.000377898,0.042510502,0.78412,0.69540101,0.000110986,0.000108589,1.162859128,0.000108281,0.00149,-2.00E+05,30.9842,2.00E+07,-0.018904901,0.50083488,0.783906986,0.366465367,0.40455443,-0.005273297,-0.222754212, cdcase,0.707106781,0.707106781,0,0,0.4175,5.42E-34,-0.295,0,1.39E+18,0,
0.588771431,0.000261529,0.056800502,0.952764,0.660811335,0.00013168,0.000111352,0.931065925,0.000124228,0.00226,-2.00E+05,33.0173,2.00E+07,-0.229101526,0.753612607,0.574992675,0.221277998,0.401379,-0.018906283,-0.203014249, cdcase,0.707106781,0.707106781,0,0,0.4175,5.42E-34,-0.295,0,1.39E+18,0,
0.571171956,0.000247871,0.0015135,1.51787,0.665267673,0.000115334,0.000106417,1.580659291,0.000128587,0.0066,0.044,18.0054,-4.59496,0.005269024,0.720212215,-0.693631369,-0.011921712,0.419185016,-0.017758112,-0.211332222, cdcase,0.707106781,0.707106781,0,0,0.4175,5.42E-34,-0.295,0,1.39E+18,10,
0.522738731,0.000204666,0.002246,1.44045,0.66484326,0.000119889,0.000106364,1.609653321,0.000126005,0.00133,0.0305,22.2149,-3.09136,-0.020170468,0.713817174,0.698465546,-0.046947575,0.420389606,0.017682843,-0.205866614, cdcase,0.707106781,0.707106781,0,0,0.4175,5.42E-34,-0.295,0,1.39E+18,10,
0.522738731,0.000204666,0.002246,1.44045,0.66484326,0.000119889,0.000106364,1.609653321,0.000126005,0.00133,0.0305,22.2149,-3.09136,-0.020170468,0.713817174,0.698465546,-0.046947575,0.420389606,0.017682843,-0.205866614, cdcase,0.707106781,0.707106781,0,0,0.4175,5.42E-34,-0.295,0,1.39E+18,10,
0.524256962,9.86E-05,0.0082355,1.51716,0.654657344,0.000120527,0.00010521,1.670600775,0.000112393,0.00131,0.00828,22.8697,-0.867625,0.071691418,0.716704721,-0.679913313,-0.137522981,0.43086144,-0.017968351,-0.208873326, cdcase,0.707106781,0.707106781,0,0,0.4175,5.42E-34,-0.295,0,1.39E+18,9,
0.585130337,0.000326973,0.0296205,1.14159,0.67545359,0.000113488,0.00010282,1.712441126,0.000140261,0.0014,0.0145,20.6023,-1.49191,0.096586495,0.693185644,0.714254432,-0.002305996,0.413725464,0.005571752,-0.21492022, cdcase,0.707106781,0.707106781,0,0,0.4175,5.42E-34,-0.295,0,1.39E+18,10,
0.665513143,0.000230476,0.002834,0.924056,0.723624486,0.000102844,0.00011145,1.693338367,9.04E-05,0.00104,0.0108,26.1946,-1.11107,0.040891921,0.691721168,0.719548667,-0.045819129,0.405112066,0.009150664,-0.229717262, cdcase,0.707106781,0.707106781,0,0,0.4175,5.42E-34,-0.295,0,1.39E+18,8,
0.534613731,0.000328256,0.013016001,1.50442,0.649776592,0.00012842,0.000109573,1.65498246,0.000141451,0.0011,0.007,28.6171,-0.732569,-0.133589381,0.731760803,-0.665270269,0.063995884,0.400959986,-0.021829817,-0.197815484, cdcase,0.707106781,0.707106781,0,0,0.4175,5.42E-34,-0.295,0,1.39E+18,7,
0.642778277,0.000200074,0.0101265,1.17852,0.727019792,0.000105041,9.43E-05,1.603067635,9.83E-05,0.000869,-2.00E+05,26.1891,2.00E+07,-0.019783526,0.72892175,0.683101346,-0.040672413,0.443863303,0.011983634,-0.228506136, cdcase,0.707106781,0.707106781,0,0,0.4175,5.42E-34,-0.295,0,1.39E+18,10,
0.809567609,0.000231502,0.0073905,0.797928,0.763307119,0.000108755,0.000118282,1.679398283,7.50E-05,0.000612,-2.00E+05,26.3302,2.00E+07,0.096870542,0.588322457,0.801810641,0.039905891,0.392572671,-0.00141865,-0.223851019, cdcase,0.707106781,0.707106781,0,0,0.4175,5.42E-34,-0.295,0,1.39E+18,10,
0.65211142,0.000307222,0.0047285,1.34758,0.648927765,0.000119491,9.99E-05,0.966136821,0.000102366,0.00321,-2.00E+05,27.3321,2.00E+07,-0.166170518,0.599396624,0.73480595,0.27050187,0.413184961,0.000838052,-0.204906572, cdcase,0.707106781,0.707106781,0,0,0.4175,5.42E-34,-0.295,0,1.39E+18,6,
0.436552193,5.01E-05,0.002282,1.52823,0.68351744,0.00011179,0.000105512,1.164764635,0.000107432,0.00104,-2.00E+05,24.7944,2.00E+07,-0.229504449,0.572904044,0.786272864,0.029726218,0.419295445,-6.40E-05,-0.213266831, cdcase,0.707106781,0.707106781,0,0,0.4175,5.42E-34,-0.295,0,1.39E+18,10,
0.597450788,0.0001708,0.008246,1.43172,0.744632939,0.000141048,0.000103287,3.035499177,6.25E-05,0.00432,0.0307,28.9485,-3.19975,0.62395058,0.37844535,0.552851449,-0.402268649,0.421747259,0.006474573,-0.208518494, cdcase,0.707106781,0.707106781,0,0,0.4175,5.42E-34,-0.295,0,1.39E+18,10,
0.589175891,2.64E-05,8.00E-06,1.09061,0.763094914,0.000118931,8.97E-05,1.645758663,8.35E-05,0.000655,-2.00E+05,30.9858,2.00E+07,-0.134881585,0.792292099,0.576985917,-0.145490343,0.452360894,0.000510679,-0.213602838, cdcase,0.707106781,0.707106781,0,0,0.4175,5.42E-34,-0.295,0,1.39E+18,10,
0.768497116,0.000228519,0.033661501,0.795955,0.728293032,0.000118607,0.000111105,1.592365201,0.000117877,0.00503,-2.00E+05,26.1621,2.00E+07,0.02188069,0.623908694,0.781125442,0.010110394,0.408028051,-0.005512874,-0.209887632, cdcase,0.707106781,0.707106781,0,0,0.4175,5.42E-34,-0.295,0,1.39E+18,10,
0.878779029,2.24E-05,0.136200504,1.49659,0.843945625,0.000190225,9.02E-05,0.259080911,3.42E-06,0.0006,-2.00E+05,36.6814,2.00E+07,0.543252736,0.53975298,-0.360715687,0.532378981,0.330112817,-0.005118446,-0.115692437, coil,0.707106781,0.707106781,0,0,0.35,5.42E-34,-0.295,0,1.39E+18,10,
0.106800794,4.89E-06,0.033960501,1.37103,0.833759709,0.000201062,8.67E-05,2.99259057,2.25E-06,3.35E-05,-2.00E+05,33.3128,2.00E+07,0.607697822,0.406873957,0.61167186,-0.301686055,0.340160685,-0.000159741,-0.126391217, coil,0.707106781,0.707106781,0,0,0.35,5.42E-34,-0.295,0,1.39E+18,9,
0.859471977,8.35E-06,0.0138515,0.933029,0.891692109,0.000170285,8.31E-05,1.375346636,4.83E-05,0.000606,-2.00E+05,37.2468,2.00E+07,-0.099997255,-0.0409224,0.992734637,0.05295137,0.359073238,-6.02E-05,-0.15021419, coil,0.707106781,0.707106781,0,0,0.35,5.42E-34,-0.295,0,1.39E+18,5,
0.759469245,3.93E-05,0.063134003,1.00908,0.923310891,0.000177481,9.25E-05,1.382878311,2.42E-05,0.000625,-2.00E+05,34.8394,2.00E+07,0.017762323,0.928585713,0.354800199,0.107377337,0.333422287,0.001449699,-0.144742903, coil,0.707106781,0.707106781,0,0,0.35,5.42E-34,-0.295,0,1.39E+18,10,
0.780930111,0.000212472,0.132794004,1.34741,0.821663932,0.00018814,9.12E-05,0.42220195,4.63E-06,0.000766,-2.00E+05,34.9886,2.00E+07,0.736651296,-0.398382599,-0.457558599,-0.2987914,0.343485146,-0.011978318,-0.118794791, coil,0.707106781,0.707106781,0,0,0.35,5.42E-34,-0.295,0,1.39E+18,0,
0.211432842,1.17E-05,0.042018501,1.47499,0.86856159,0.000201698,8.68E-05,2.935830579,3.23E-06,1.99E-05,-2.00E+05,31.0991,2.00E+07,0.439537022,0.458320158,0.570769111,-0.520550152,0.357007776,-0.002385814,-0.130769864, coil,0.707106781,0.707106781,0,0,0.35,5.42E-34,-0.295,0,1.39E+18,6,
0.889953512,1.92E-05,0.035943501,0.992855,0.876837648,0.000173863,8.78E-05,1.681439303,2.02E-05,0.000256,-2.00E+05,35.3843,2.00E+07,0.011062902,0.719095379,-0.689307055,-0.087379814,0.350850083,0.002755556,-0.151687299, coil,0.707106781,0.707106781,0,0,0.35,5.42E-34,-0.295,0,1.39E+18,10,
0.841989712,0.000507353,0.056211501,0.744708,0.633012271,0.000176142,9.49E-05,1.885816032,6.03E-05,0.00108,-2.00E+05,43.5141,2.00E+07,0.384451613,0.677567628,-0.419021474,-0.466390471,0.363924001,-0.007392404,-0.14139165, coil,0.707106781,0.707106781,0,0,0.35,5.42E-34,-0.295,0,1.39E+18,0,
0.764185438,7.79E-05,0.180594006,0.939622,0.944107138,0.000182602,8.10E-05,1.488437302,1.41E-05,0.000289,0.00895,35.8876,-0.903447,-0.035763204,-0.081220337,0.993668366,-0.068901589,0.356481842,0.020171918,-0.147406664, coil,0.707106781,0.707106781,0,0,0.35,5.42E-34,-0.295,0,1.39E+18,7,
0.88461236,8.14E-05,0.041604501,0.74912,0.756516509,0.000184296,8.27E-05,0.314257326,2.08E-05,0.000339,-2.00E+05,36.6222,2.00E+07,-0.416154952,-0.417065411,0.597403105,-0.544041384,0.36520652,-0.004431601,-0.137089794, coil,0.707106781,0.707106781,0,0,0.35,5.42E-34,-0.295,0,1.39E+18,0,
0.724687308,0.000193908,0.180813506,1.50623,0.86665173,0.000190551,7.98E-05,0.343596897,1.93E-06,0.000378,-2.00E+05,35.1222,2.00E+07,0.006798001,0.611325419,-0.190958421,0.767964778,0.354679656,0.014424208,-0.113780373, coil,0.707106781,0.707106781,0,0,0.35,5.42E-34,-0.295,0,1.39E+18,0,
0.860624924,0.000349059,0.042778501,0.781124,0.819966281,0.00018393,8.80E-05,0.895962277,4.15E-05,0.00259,-2.00E+05,35.7975,2.00E+07,-0.191210489,0.888587839,0.303092983,0.286329956,0.330074752,0.004965625,-0.150576002, coil,0.707106781,0.707106781,0,0,0.35,5.42E-34,-0.295,0,1.39E+18,4,
0.793837389,0.000142995,0.214885505,0.750532,0.958749393,0.000181139,9.02E-05,1.466465071,3.64E-05,0.000458,-2.00E+05,38.6527,2.00E+07,-0.134156141,0.866805066,0.480050772,-0.014225478,0.359158005,-0.013601773,-0.151215381, coil,0.707106781,0.707106781,0,0,0.35,5.42E-34,-0.295,0,1.39E+18,9,
0.982010617,8.88E-05,0.0002625,0.873611,0.61815781,0.000197065,0.000104835,1.464186732,0.000356477,0.000726,-2.00E+05,16.693,2.00E+07,-0.13081098,0.375533062,0.901217835,-0.172249299,0.437349402,-0.001848038,-0.10512101, pitcher,0.707106781,0.707106781,0,0,0.42204,5.42E-34,-0.295,0,1.39E+18,10,
0.973316472,0.000406943,9.15E-05,0.765832,0.610518372,0.00019829,0.000105671,1.361067632,0.000352227,0.00181,0.0175,15.7529,-1.80903,0.00441085,0.466536225,0.853739561,0.231199605,0.424553697,-0.016349596,-0.1047667, pitcher,0.707106781,0.707106781,0,0,0.42204,5.42E-34,-0.295,0,1.39E+18,10,
0.898398739,0.000710594,0.000168,0.936156,0.567228228,0.000195418,9.16E-05,0.86082387,0.000265909,0.00229,0.00262,17.9741,-0.330366,-0.029044567,0.440300649,-0.459968659,0.770532663,0.424201252,0.020611433,-0.134890844, pitcher,0.707106781,0.707106781,0,0,0.42204,5.42E-34,-0.295,0,1.39E+18,10,
0.888253139,0.000315402,0.0125795,1.12496,0.524786907,0.000200169,9.00E-05,2.063171469,0.00049462,0.00324,0.0315,15.5962,-3.25205,0.007226927,0.749298712,-0.579172114,-0.321027839,0.454692119,-0.005552517,-0.106714444, pitcher,0.707106781,0.707106781,0,0,0.42204,5.42E-34,-0.295,0,1.39E+18,10,
0.848396462,0.000165119,0.0014315,1.10063,0.626221659,0.000196037,0.00010993,1.474162102,0.000329577,0.00181,-2.00E+05,16.9016,2.00E+07,0.23652488,0.956461949,-0.170790025,0.008203001,0.416770043,0.014193121,-0.105802549, pitcher,0.707106781,0.707106781,0,0,0.42204,5.42E-34,-0.295,0,1.39E+18,10,
0.677563229,4.72E-05,0.0113855,1.49824,0.640651708,0.000230321,0.000117692,2.604033675,9.33E-05,0.00152,-2.00E+05,16.8496,2.00E+07,0.62636434,0.603036153,0.352441348,-0.346121667,0.411617264,0.005587583,-0.099876105, pitcher,0.707106781,0.707106781,0,0,0.42204,5.42E-34,-0.295,0,1.39E+18,10,
0.744747768,0.000513757,0.0017055,1.42607,0.605425414,0.000223898,0.000111084,2.470006252,0.000195804,0.000305,-2.00E+05,20.2583,2.00E+07,0.642552327,-0.551653012,0.522018012,0.101502002,0.407163874,-0.000835319,-0.097087538, pitcher,0.707106781,0.707106781,0,0,0.42204,5.42E-34,-0.295,0,1.39E+18,10,
0.754221317,0.000162922,0.006626,1.18266,0.582719309,0.000214904,8.82E-05,3.045757505,0.00014574,0.00255,0.0211,21.8888,-2.18811,0.490058339,0.479422808,0.556962652,-0.468816809,0.446126665,0.003683508,-0.099545879, pitcher,0.707106781,0.707106781,0,0,0.42204,5.42E-34,-0.295,0,1.39E+18,10,
0.824494045,0.000103339,0.0024885,1.24902,0.537943717,0.000210899,9.36E-05,2.760728969,0.000228339,0.000844,-2.00E+05,26.0156,2.00E+07,-0.40880931,0.624470539,-0.538894571,-0.390517779,0.4454174,-0.010502288,-0.105507471, pitcher,0.707106781,0.707106781,0,0,0.42204,5.42E-34,-0.295,0,1.39E+18,10,
0.74209924,0.000565088,0.000122,1.28493,0.502080803,0.000175359,7.82E-05,0.662146658,0.0002958,0.000903,0.00818,22.574,-0.845068,-0.187061917,-0.461908188,0.625392321,-0.600444094,0.444967497,0.011532292,-0.139407868, pitcher,0.707106781,0.707106781,0,0,0.42204,5.42E-34,-0.295,0,1.39E+18,10,
0.767593407,0.00052765,0.0060795,1.49847,0.606062033,0.00022615,8.83E-05,2.426136289,0.000187215,0.000415,-2.00E+05,22.9605,2.00E+07,0.51269216,0.050833502,0.685040523,-0.515055517,0.422750959,0.020863203,-0.102915699, pitcher,0.707106781,0.707106781,0,0,0.42204,5.42E-34,-0.295,0,1.39E+18,0,
0.82261446,0.000439933,0.0040065,1.21255,0.67163387,0.000224593,0.000101326,2.810661883,0.00015592,0.000312,-2.00E+05,20.4004,2.00E+07,0.776930038,-0.175999497,0.553697491,0.242534496,0.408347128,-0.012292242,-0.10370533, pitcher,0.707106781,0.707106781,0,0,0.42204,5.42E-34,-0.295,0,1.39E+18,0,
0.81814346,0.000792063,5.00E-07,1.04091,0.533911791,0.000208464,7.74E-05,2.138347837,0.000481536,0.00107,-2.00E+05,27.7266,2.00E+07,0.15760286,0.69073235,-0.495777128,-0.502250136,0.478627861,-0.00541284,-0.111114851, pitcher,0.707106781,0.707106781,0,0,0.42204,5.42E-34,-0.295,0,1.39E+18,7,
0.949890652,0.001106161,0.0055565,0.793169,0.523513668,0.000195562,0.000100329,0.68993649,0.000304223,0.00251,-2.00E+05,23.3727,2.00E+07,-0.244200218,0.580834018,-0.203334331,0.749435285,0.408316668,0.026146033,-0.150081058, pitcher,0.707106781,0.707106781,0,0,0.42204,5.42E-34,-0.295,0,1.39E+18,0,unreachable
0.92207642,0.000269049,0.035310501,0.876469,0.610306165,0.000202248,0.000102868,0.935853114,0.000290299,0.00213,0.000627,25.4044,-0.126707,-0.301268541,0.308561489,0.898311525,0.084044497,0.436998577,-0.029606867,-0.103683246, pitcher,0.707106781,0.707106781,0,0,0.42204,5.42E-34,-0.295,0,1.39E+18,9,
0.782940875,0.000194357,0.049311502,1.41183,0.527545593,0.000199253,9.81E-05,1.384484717,0.000500953,0.00111,-2.00E+05,29.7791,2.00E+07,-0.276521287,0.846106429,0.454010522,-0.038914456,0.461364134,-0.009109301,-0.114330766, pitcher,0.707106781,0.707106781,0,0,0.42204,5.42E-34,-0.295,0,1.39E+18,0,
0.523607057,0.000204997,0.0098435,1.44124,0.742510874,0.000242031,0.000117614,2.672181713,2.12E-05,9.42E-05,-2.00E+05,24.8801,2.00E+07,0.477717017,0.633573112,0.151820474,-0.5893404,0.423803091,0.013436444,-0.070247474, pitcher,0.707106781,0.707106781,0,0,0.42204,5.42E-34,-0.295,0,1.39E+18,0,
0.983670499,0.000440257,0.016305501,0.892308,0.518420709,0.000195113,8.93E-05,2.578269839,0.000300524,0.00878,0.0825,25.942,-8.51781,-0.133314724,0.631630843,-0.519740103,-0.559589035,0.456312189,-0.00356175,-0.125166393, pitcher,0.707106781,0.707106781,0,0,0.42204,5.42E-34,-0.295,0,1.39E+18,8,
0.698713861,0.000694667,0.009128,1.42662,0.607123066,0.000226647,0.000112067,2.475562693,0.000191348,0.00182,-2.00E+05,27.6759,2.00E+07,0.763320385,0.315866499,0.555139498,0.0969045,0.392165335,-0.004467123,-0.10467881, pitcher,0.707106781,0.707106781,0,0,0.42204,5.42E-34,-0.295,0,1.39E+18,0,
0.940041051,0.001132834,0.011290501,0.962892,0.55831555,0.000194918,9.13E-05,0.740136536,0.000310487,0.000722,-2.00E+05,23.3797,2.00E+07,-0.110717672,0.686163923,-0.393731303,0.601578199,0.420498325,0.025327406,-0.119324266, pitcher,0.707106781,0.707106781,0,0,0.42204,5.42E-34,-0.295,0,1.39E+18,10,
0.965259838,0.001364845,0.0010035,0.81483,0.511842306,0.000189123,9.74E-05,1.510611189,0.000362449,0.00348,0.00794,16.5641,-0.898599,-0.4654074,0.500337106,-0.503640107,0.528588095,0.409018945,-0.011901516,-0.13478196, pitcher,0.707106781,0.707106781,0,0,0.42204,5.42E-34,-0.295,0,1.39E+18,10,
0.66360983,6.47E-05,9.95E-05,1.4436,0.690520258,0.000193978,9.04E-05,1.552352735,0.00040923,0.00123,0.00996,18.6209,-1.03267,-0.048005471,0.290987077,0.947362942,-0.124601174,0.443778836,-0.006847739,-0.107702643, pitcher,0.707106781,0.707106781,0,0,0.42204,5.42E-34,-0.295,0,1.39E+18,1,
0.9593163,0.000305727,0.0007665,0.905308,0.50038315,0.000186813,9.33E-05,1.408204703,0.0003023,0.00103,-2.00E+05,20.9137,2.00E+07,0.6394595,-0.76133689,0.0008651,-0.107037099,0.429206044,-0.024406202,-0.135708179, pitcher,0.707106781,0.707106781,0,0,0.42204,5.42E-34,-0.295,0,1.39E+18,9,
0.92530155,0.000706264,0.012102001,0.807582,0.512478925,0.000187238,9.86E-05,1.409014035,0.000209669,0.00347,0.0477,16.8714,-4.8784,0.768875861,-0.583922761,-0.215692754,0.146084753,0.436034148,-0.009207938,-0.148796523, pitcher,0.707106781,0.707106781,0,0,0.42204,5.42E-34,-0.295,0,1.39E+18,10,
0.59606104,0.000318525,0.0060515,1.42301,0.697310869,0.000235253,9.68E-05,2.94888258,9.78E-05,0.000174,-2.00E+05,19.3253,2.00E+07,0.65185723,0.187099352,0.660159456,-0.322901653,0.409826283,0.004674505,-0.089087575, pitcher,0.707106781,0.707106781,0,0,0.42204,5.42E-34,-0.295,0,1.39E+18,10,
0.85068174,4.91E-05,0.0039195,1.08634,0.495290191,0.000184196,8.35E-05,0.783629612,0.000306865,0.00382,0.00848,22.2629,-0.962682,-0.289068989,-0.25324908,0.657237219,-0.648338848,0.44251823,0.011347485,-0.150932285, pitcher,0.707106781,0.707106781,0,0,0.42204,5.42E-34,-0.295,0,1.39E+18,10,
0.796310695,0.001062868,0.008358,1.08487,0.509295826,0.000178306,8.72E-05,0.967970168,0.000368901,0.0012,0.0193,22.8237,-1.96873,0.651304578,-0.046852001,-0.477546006,0.587841007,0.464256551,0.00755195,-0.164157251, pitcher,0.707106781,0.707106781,0,0,0.42204,5.42E-34,-0.295,0,1.39E+18,0,unreachable
0.744215782,0.000385883,0.0031115,1.34253,0.561710855,0.000195989,0.000113789,1.437771417,0.000300672,0.00245,-2.00E+05,23.8207,2.00E+07,-0.357283445,0.929509469,-0.034590501,0.084641503,0.420173312,-0.01986259,-0.110268596, pitcher,0.707106781,0.707106781,0,0,0.42204,5.42E-34,-0.295,0,1.39E+18,0,
0.962448546,0.000373293,0.021966,0.929861,0.519481743,0.000189404,8.70E-05,0.634961572,0.000263392,0.00133,-2.00E+05,21.056,2.00E+07,-0.257445026,0.378602693,0.603273208,0.653026413,0.441228472,-0.012580118,-0.135769815, pitcher,0.707106781,0.707106781,0,0,0.42204,5.42E-34,-0.295,0,1.39E+18,10,
0.784858068,0.000740507,0.0030795,1.31884,0.570411326,0.000190876,0.000118158,1.086557873,0.000307542,0.000775,-2.00E+05,26.3467,2.00E+07,-0.30724229,0.903772578,-0.083680049,0.285998168,0.398116479,-0.011035622,-0.116046285, pitcher,0.707106781,0.707106781,0,0,0.42204,5.42E-34,-0.295,0,1.39E+18,2,
0.186941693,0.000163357,0.097408504,1.52396,0.702828241,8.77E-05,0.000105881,2.944583728,1.07E-05,0.00222,-2.00E+05,34.3162,2.00E+07,-0.055883998,0.770625641,-0.062818487,-0.631717451,0.395591504,0.001837211,-0.27071683, remote,0.707106781,0.707106781,0,0,0.388,5.42E-34,-0.295,0,1.39E+18,10,
0.150061717,0.000171247,0.850791527,1.4993,0.564469541,8.74E-05,8.46E-05,2.9472539,1.95E-05,0.000652,-2.00E+05,37.2057,2.00E+07,0.581252544,-0.274087645,0.718255736,0.266702345,0.383041923,-0.025602104,-0.266770029, remote,0.707106781,0.707106781,0,0,0.388,5.42E-34,-0.295,0,1.39E+18,0,
0.16727354,0.000202094,0.131310505,1.52875,0.672058284,8.85E-05,0.000102041,2.926309292,1.10E-05,0.00299,-2.00E+05,38.2263,2.00E+07,-0.003157683,0.778968277,-0.000611849,-0.627055084,0.405296233,0.008582461,-0.271312129, remote,0.707106781,0.707106781,0,0,0.388,5.42E-34,-0.295,0,1.39E+18,8,
0.192508228,5.26E-05,0.170803505,1.48537,0.788135291,8.91E-05,0.000105855,2.852834367,2.92E-06,0.00241,-2.00E+05,35.9152,2.00E+07,0.139016816,0.77879886,0.18931825,-0.581640147,0.377683138,0.005589,-0.264778076, remote,0.707106781,0.707106781,0,0,0.388,5.42E-34,-0.295,0,1.39E+18,0,
0.1355049,0.000220756,0.450783514,1.45352,0.661235748,8.72E-05,0.000113047,2.890384144,5.89E-06,0.00815,-2.00E+05,43.2018,2.00E+07,-0.214818711,0.747008875,-0.256022881,-0.574702485,0.400682819,-0.008967214,-0.263694237, remote,0.707106781,0.707106781,0,0,0.388,5.42E-34,-0.295,0,1.39E+18,0,
0.303538278,7.46E-05,0.015974001,1.47271,0.867288351,9.13E-05,9.92E-05,2.926522257,2.49E-06,0.000568,-2.00E+05,41.348,2.00E+07,-0.240882066,0.729755704,-0.268970082,-0.580592402,0.39821753,-0.028603826,-0.26422084, remote,0.707106781,0.707106781,0,0,0.388,5.42E-34,-0.295,0,1.39E+18,0,
0.258411417,4.97E-05,0.065786002,1.48564,0.915034834,9.33E-05,9.23E-05,2.894127041,1.03E-06,0.000336,-2.00E+05,39.7402,2.00E+07,0.523671761,-0.408533009,0.674935015,0.321452007,0.399924913,-0.031099596,-0.263716598, remote,0.707106781,0.707106781,0,0,0.388,5.42E-34,-0.295,0,1.39E+18,0,
0.258411417,4.97E-05,0.065786002,1.48564,0.915034834,9.33E-05,9.23E-05,2.894127041,1.03E-06,0.000336,-2.00E+05,39.7402,2.00E+07,0.523671761,-0.408533009,0.674935015,0.321452007,0.399924913,-0.031099596,-0.263716598, remote,0.707106781,0.707106781,0,0,0.388,5.42E-34,-0.295,0,1.39E+18,0,
0.294450211,5.66E-05,0.050116502,1.47018,0.902090232,9.04E-05,9.73E-05,2.984235483,5.05E-06,0.000678,-2.00E+05,38.3349,2.00E+07,0.567440789,-0.382271957,0.657044962,0.316498056,0.396058227,-0.053575663,-0.266883441, remote,0.707106781,0.707106781,0,0,0.388,5.42E-34,-0.295,0,1.39E+18,0,
0.526787191,4.77E-05,0.020940501,1.50867,0.920127792,9.15E-05,9.36E-05,2.907835226,5.13E-06,0.000341,-2.00E+05,39.3618,2.00E+07,0.512790791,0.424721331,0.659364621,-0.349135635,0.394035392,0.038525295,-0.268051041, remote,0.707106781,0.707106781,0,0,0.388,5.42E-34,-0.295,0,1.39E+18,0,
0.325915878,1.81E-05,2.60E-05,1.48373,0.913124974,9.18E-05,0.000101316,2.832082532,5.94E-06,0.000345,-2.00E+05,41.4461,2.00E+07,-0.277669818,0.711262779,-0.382614036,-0.520203067,0.394095428,-0.036110811,-0.264982765, remote,0.707106781,0.707106781,0,0,0.388,5.42E-34,-0.295,0,1.39E+18,1,
0.175963689,0.000195186,0.089731503,1.528,0.70601134,8.80E-05,8.57E-05,2.911986663,1.54E-05,0.0128,0.0062,34.3281,-1.00366,0.619760345,-0.058254102,0.781282926,0.045831902,0.38423699,0.003219428,-0.270676952, remote,0.707106781,0.707106781,0,0,0.388,5.42E-34,-0.295,0,1.39E+18,10,
0.176397477,0.000162028,0.111558503,1.52743,0.705586926,8.85E-05,0.000109686,2.9514951,7.60E-06,0.002,-2.00E+05,36.0496,2.00E+07,-0.020251997,0.770082457,-0.034898696,-0.636667062,0.390297675,-0.000257359,-0.269318299, remote,0.707106781,0.707106781,0,0,0.388,5.42E-34,-0.295,0,1.39E+18,9,
0.174901254,0.000212181,0.099001503,1.51919,0.732749369,8.78E-05,8.43E-05,2.929195008,1.09E-05,0.0153,-2.00E+05,33.4922,2.00E+07,0.625521541,0.061703599,0.775420789,-0.060316399,0.393526095,0.003314893,-0.269611503, remote,0.707106781,0.707106781,0,0,0.388,5.42E-34,-0.295,0,1.39E+18,2,
0.132945411,0.000136044,0.149835505,1.52124,0.756092095,9.01E-05,8.60E-05,2.940528798,5.64E-06,0.00203,0.00819,30.969,-0.880232,0.627129589,-0.123141805,0.764243528,0.086466203,0.394206782,-0.008418916,-0.26662212, remote,0.707106781,0.707106781,0,0,0.388,5.42E-34,-0.295,0,1.39E+18,0,
0.171394915,0.000156599,0.125010504,1.48472,0.708345612,8.80E-05,9.48E-05,2.940756867,1.75E-05,0.0026,-2.00E+05,41.9399,2.00E+07,0.62438414,0.112845801,0.765885705,-0.104064201,0.374712028,0.002627252,-0.266950651, remote,0.707106781,0.707106781,0,0,0.388,5.42E-34,-0.295,0,1.39E+18,1,
0.158000703,0.00016792,0.141938004,1.5013,0.724261107,8.87E-05,9.04E-05,2.771057149,6.22E-06,0.0022,-2.00E+05,40.8149,2.00E+07,0.560773301,-0.087510005,0.820537043,0.067781004,0.382144475,-0.001883846,-0.261569879, remote,0.707106781,0.707106781,0,0,0.388,5.42E-34,-0.295,0,1.39E+18,2,
0.173463807,0.000148557,0.149031503,1.52005,0.69540101,8.83E-05,9.33E-05,2.885448054,1.68E-05,0.00279,-2.00E+05,39.1776,2.00E+07,0.607644118,-0.087398502,0.786772515,0.064180501,0.374683301,-0.01352571,-0.267576381, remote,0.707106781,0.707106781,0,0,0.388,5.42E-34,-0.295,0,1.39E+18,10,
0.142217021,5.63E-05,0.062118502,1.48183,0.820178487,9.17E-05,9.48E-05,2.968409364,2.07E-06,0.00363,-2.00E+05,39.6385,2.00E+07,0.600655311,-0.243982849,0.722862748,0.239071149,0.383667456,-0.007584542,-0.26364594, remote,0.707106781,0.707106781,0,0,0.388,5.42E-34,-0.295,0,1.39E+18,0,
0.37935578,4.41E-05,0.016644501,1.5203,0.9171569,9.19E-05,9.37E-05,2.909669056,1.57E-06,0.000473,-2.00E+05,42.1061,2.00E+07,0.531458245,0.398054923,0.67555114,-0.320523119,0.390524018,0.03176103,-0.265919557, remote,0.707106781,0.707106781,0,0,0.388,5.42E-34,-0.295,0,1.39E+18,4,
0.169481567,3.92E-05,0.055116501,1.49378,0.817207594,9.13E-05,9.85E-05,2.738936809,1.68E-06,0.00114,-2.00E+05,49.438,2.00E+07,0.527662089,-0.222539978,0.80375692,0.161317984,0.368878243,-0.015872511,-0.259703978, remote,0.707106781,0.707106781,0,0,0.388,5.42E-34,-0.295,0,1.39E+18,0,
0.39747729,7.47E-06,0.0213365,1.4926,0.953232021,9.08E-05,0.000101477,2.942848721,7.90E-07,0.000224,-2.00E+05,41.4038,2.00E+07,0.470311262,0.505843383,0.585023602,-0.425061378,0.377551325,0.045925421,-0.266480948, remote,0.707106781,0.707106781,0,0,0.388,5.42E-34,-0.295,0,1.39E+18,7,
0.856614921,0.000185746,0.036804501,0.93378,0.747603831,9.01E-05,9.93E-05,1.567446164,1.24E-05,0.00265,-2.00E+05,53.6525,2.00E+07,-0.002440972,-0.226266388,0.974057453,0.003105052,0.387073067,-0.01853709,-0.248629936, remote,0.707106781,0.707106781,0,0,0.388,5.42E-34,-0.295,0,1.39E+18,9,
0.763796141,0.000409042,0.801334523,0.884205,0.636619783,0.000125785,0.000118861,1.575499594,2.71E-05,0.00012,-2.00E+05,35.2653,2.00E+07,0.288110105,0.599763942,0.674420134,0.320051969,0.382077763,0.009908234,-0.188850598, soapdispenser,0.707106781,0.707106781,0,0,0.38602,5.42E-34,-0.295,0,1.39E+18,0,unreachable
0.884674775,3.93E-05,0.098496503,1.2523,0.841186939,0.000138113,9.39E-05,1.224071314,2.75E-06,0.000202,-2.00E+05,40.1788,2.00E+07,0.330250344,0.743884441,-0.580273782,-0.029205942,0.391664799,-0.007501164,-0.184616473, soapdispenser,0.707106781,0.707106781,0,0,0.38602,5.42E-34,-0.295,0,1.39E+18,0,
0.167997681,4.56E-05,0.790941525,1.48633,0.544522121,0.000107224,6.18E-05,2.503663481,2.56E-05,0.000788,-2.00E+05,35.7072,2.00E+07,0.18099289,0.637704255,0.588530114,-0.462825196,0.402013894,0.001551098,-0.233213867, soapdispenser,0.707106781,0.707106781,0,0,0.38602,5.42E-34,-0.295,0,1.39E+18,0,unreachable
0.528732267,4.61E-05,0.067950002,0.848355,0.836518394,0.00013937,9.76E-05,1.623973773,1.30E-06,0.000207,-2.00E+05,34.8482,2.00E+07,-0.006510411,0.719671094,-0.693607589,-0.030653618,0.378370787,0.01575501,-0.186698736, soapdispenser,0.707106781,0.707106781,0,0,0.38602,5.42E-34,-0.295,0,1.39E+18,0,
0.875798442,0.000112158,0.021810501,0.805312,0.878110887,0.000140827,9.86E-05,1.139808265,2.07E-05,0.000766,-2.00E+05,35.371,2.00E+07,-0.231072198,0.753753165,-0.45317067,0.416050656,0.373408151,-0.001639603,-0.191844926, soapdispenser,0.707106781,0.707106781,0,0,0.38602,5.42E-34,-0.295,0,1.39E+18,0,
0.88946231,0.000100495,0.040778001,0.777138,0.705162513,0.000139908,9.47E-05,1.134187791,3.96E-05,0.00139,-2.00E+05,44.136,2.00E+07,0.056174277,0.248591404,-0.667420033,0.699712272,0.390289286,0.007230655,-0.20926947, soapdispenser,0.707106781,0.707106781,0,0,0.38602,5.42E-34,-0.295,0,1.39E+18,9,
0.438009123,9.16E-06,0.041306001,0.8788,0.943894931,0.000165787,8.60E-05,1.30309875,0,0,-1.00E+05,38.3853,1.00E+07,0.704924966,0.694113999,-0.0542598,0.1354342,0.387904124,-0.015257204,-0.156856381, soapdispenser,0.707106781,0.707106781,0,0,0.38602,5.42E-34,-0.295,0,1.39E+18,0,
0.944368009,0.000588268,0.001806,0.918287,0.662721194,0.000176205,9.80E-05,0.581960484,0.000135155,0.000965,-2.00E+05,29.7546,2.00E+07,0.131374501,0.848077501,-0.235728499,0.456001498,0.401724955,0.005996137,-0.149154832, wineglass,0.707106781,0.707106781,0,0,0.4175,5.42E-34,-0.295,0,1.39E+18,9,
0.907917098,0.000503914,0.075496502,1.16764,0.692005704,0.000180951,9.97E-05,0.218499969,6.34E-05,0.000802,-2.00E+05,31.1584,2.00E+07,0.206597034,0.707693902,-0.056288595,0.673289389,0.398850906,-0.012443611,-0.136157067, wineglass,0.707106781,0.707106781,0,0,0.4175,5.42E-34,-0.295,0,1.39E+18,10,
0.822153935,0.00020149,0.041373501,1.44792,0.711528711,0.000169217,0.000106034,0.541880145,3.39E-05,0.000434,-2.00E+05,28.396,2.00E+07,-0.46173502,-0.381626054,0.780716923,-0.177885952,0.434004208,0.005044244,-0.147971141, wineglass,0.707106781,0.707106781,0,0,0.4175,5.42E-34,-0.295,0,1.39E+18,0,
0.824619751,0.000354388,0.0092085,1.27856,0.756940922,0.000171012,0.000102535,1.017672022,3.40E-05,0.000385,-2.00E+05,31.3534,2.00E+07,0.035674255,0.952437562,-0.135270624,0.270724761,0.409699317,0.00139997,-0.145316807, wineglass,0.707106781,0.707106781,0,0,0.4175,5.42E-34,-0.295,0,1.39E+18,1,
0.881463175,0.000385435,0.041833502,1.36723,0.708557818,0.000169433,0.00011265,0.510690751,2.18E-05,0.000529,-2.00E+05,28.6491,2.00E+07,0.509439973,-0.159912,-0.844720002,-0.036704,0.420434219,-0.014079921,-0.14787584, wineglass,0.707106781,0.707106781,0,0,0.4175,5.42E-34,-0.295,0,1.39E+18,0,
0.865989105,0.00014209,0.407246014,0.929606,0.887660184,0.000182035,0.000101793,2.835348376,1.77E-06,0.000297,-2.00E+05,23.0988,2.00E+07,0.590355007,0.33733349,0.502276485,-0.534233484,0.422677273,0.012706158,-0.125151613, wineglass,0.707106781,0.707106781,0,0,0.4175,5.42E-34,-0.295,0,1.39E+18,10,
0.779180916,7.51E-05,0.042753501,1.49822,0.808719331,0.000170494,0.000103908,1.167777482,4.45E-05,0.00118,-2.00E+05,30.7757,2.00E+07,-0.181309705,-0.34202717,0.917943839,-0.086737043,0.410017653,0.018025712,-0.150320237, wineglass,0.707106781,0.707106781,0,0,0.4175,5.42E-34,-0.295,0,1.39E+18,0,
0.885544057,0.000583765,0.050599502,0.902584,0.693915563,0.000171703,9.06E-05,0.692639411,1.86E-05,0.00081,-2.00E+05,33.7302,2.00E+07,-0.110116693,0.894486749,-0.021332019,0.432796389,0.41811884,-0.008400994,-0.149526816, wineglass,0.707106781,0.707106781,0,0,0.4175,5.42E-34,-0.295,0,1.39E+18,10,
0.915162049,0.000289227,0.0022785,0.730988,0.707284579,0.000172812,0.000113451,0.783511683,6.15E-05,0.000973,-2.00E+05,29.1494,2.00E+07,-0.382250412,-0.147526507,0.911341446,-0.039715502,0.430341021,0.003950021,-0.161799332, wineglass,0.707106781,0.707106781,0,0,0.4175,5.42E-34,-0.295,0,1.39E+18,10,
0.955584527,6.88E-05,0.0130545,1.10114,0.664631053,0.000174461,0.000106757,0.467285067,3.85E-05,0.00113,-2.00E+05,28.2571,2.00E+07,-0.438707289,0.524201844,0.669125746,0.29158031,0.423313777,-0.014166042,-0.147665135, wineglass,0.707106781,0.707106781,0,0,0.4175,5.42E-34,-0.295,0,1.39E+18,0,
0.686073205,0.000277066,0.002562,1.39827,0.784952192,0.00017124,0.000110272,0.949624561,6.58E-05,0.000306,-2.00E+05,29.5094,2.00E+07,0.112241315,0.941313654,-0.120042236,0.29482258,0.397675689,-0.002829051,-0.146890561, wineglass,0.707106781,0.707106781,0,0,0.4175,5.42E-34,-0.295,0,1.39E+18,0,
0.737677424,8.45E-05,0.412328014,0.912103,0.884477085,0.000184059,0.000103059,2.692596026,1.77E-06,0.000336,-2.00E+05,26.7514,2.00E+07,0.406496225,-0.471967996,0.245794226,0.742692553,0.431557885,-0.003360028,-0.12424673, wineglass,0.707106781,0.707106781,0,0,0.4175,5.42E-34,-0.295,0,1.39E+18,10,unreachable
0.950397854,9.58E-05,0.0085995,1.0737,0.714924016,0.000172084,0.000106904,0.80870884,3.14E-05,0.000678,-2.00E+05,32.8577,2.00E+07,-0.312655402,-0.341001164,0.857129578,-0.226481109,0.425344987,0.005209182,-0.146939945, wineglass,0.707106781,0.707106781,0,0,0.4175,5.42E-34,-0.295,0,1.39E+18,8,
0.874141145,3.54E-05,0.333746011,1.16115,0.923310891,0.000183976,0.000109825,2.883622753,1.17E-06,0.000285,-2.00E+05,22.9506,2.00E+07,-0.083219131,-0.615601392,-0.195208783,0.758948637,0.420996377,-0.015767142,-0.133694405, wineglass,0.707106781,0.707106781,0,0,0.4175,5.42E-34,-0.295,0,1.39E+18,10,
0.882944683,0.000320935,0.019304001,1.21683,0.697310869,0.000170398,0.000102162,0.593323732,3.04E-05,0.000613,-2.00E+05,26.8569,2.00E+07,0.269729736,0.758123737,-0.450733283,0.386437286,0.41309776,0.008991511,-0.148092751, wineglass,0.707106781,0.707106781,0,0,0.4175,5.42E-34,-0.295,0,1.39E+18,10,
