PointArng, TriangleSize, Extension, Spread, Limit, PerpSym, ParallelSym, OrthoNorm, Volume,GraspIt_Volume,GraspIt_Epsilon,GraspIt_ContactEnergy,GraspIt_AutograspQuality,Succ_Rate
0.821202777,0.000266155,0.0055685,0.985182,0.758001955,0.000168747,9.21E-05,1.106490761,1.67E-05,0.000425,-2.00E+05,25.5298,2.00E+07,0.1
0.880667116,0.000249372,0.0045245,0.83011,0.718319322,0.000177389,9.99E-05,1.135659388,3.88E-05,0.000778,-2.00E+05,29.9223,2.00E+07,1
0.680294733,0.000133044,0.0132335,0.739067,0.74463294,0.000177777,0.000109363,1.414315279,1.21E-05,0.005,0.0184,21.8576,-1.98776,0.4
0.505963304,0.000112581,0.036513501,0.97911,0.784103366,0.000186889,0.000107023,1.279253731,6.30E-06,0.00102,-2.00E+05,18.3316,2.00E+07,1
0.573206411,0.000163426,0.0043415,1.01491,0.727868619,0.000171556,9.27E-05,1.334724149,5.52E-05,0.00156,-2.00E+05,24.5315,2.00E+07,0
0.644140353,0.000396544,0.011958001,0.978225,0.721290214,0.000174992,0.000107937,1.341426945,2.69E-05,0.000527,-2.00E+05,26.693,2.00E+07,1
0.743873925,0.000389028,0.0026585,1.06489,0.706435753,0.000158782,8.84E-05,1.167985492,7.02E-05,0.000582,-2.00E+05,26.4274,2.00E+07,1
0.734309611,0.000444585,0.0047285,1.16446,0.677151243,0.00015769,9.28E-05,1.41524193,8.16E-05,0.000887,-2.00E+05,29.8623,2.00E+07,0.6
0.665745933,7.97E-05,0.0010935,1.42312,0.79068177,0.000181264,0.000102789,1.05157342,1.37E-05,0.0011,-2.00E+05,25.5442,2.00E+07,1
0.643825299,1.26E-05,0.035433501,1.19704,0.805536232,0.000174075,9.23E-05,0.990800276,1.20E-05,0.00075,-2.00E+05,22.8045,2.00E+07,0
0.70374804,0.000202392,0.0100365,0.75287,0.749938104,0.000171244,8.62E-05,1.557077747,5.05E-05,0.000295,-2.00E+05,23.9541,2.00E+07,1
0.688297355,0.000376337,0.008216,0.989064,0.75142355,0.000174214,7.77E-05,1.329631345,5.84E-05,0.000343,-2.00E+05,25.6311,2.00E+07,1
0.493428896,0.000393558,0.027685501,1.49908,0.64553246,0.000122096,0.000109622,1.287105567,9.67E-05,0.00136,0.00478,27.479,-0.518821,0.2
0.552745764,0.00011263,0.080041502,1.0999,0.670997251,0.000111881,0.000106433,2.036178662,8.70E-05,0.00166,-2.00E+05,23.2796,2.00E+07,0.9
0.570021481,0.000212548,0.00465,1.48592,0.670360631,0.000113554,0.000107594,1.616483157,0.000115512,0.00653,0.0392,18.0248,-4.11908,1
0.5176454,0.000384212,0.0022295,1.45278,0.654020724,0.000116269,0.00010222,1.422838887,0.000121845,0.00135,0.0135,24.8841,-1.39271,0.7
0.551597535,0.000221466,0.0005585,1.52508,0.651474244,0.000113025,0.000106652,1.183100716,7.80E-05,0.00676,0.0258,24.56,-2.7787,0
0.458894691,6.91E-05,0.037030501,1.40754,0.675453589,0.000117275,0.000105865,1.66971439,0.000101787,0.00551,0.0156,21.0757,-1.72856,1
0.553630068,6.87E-05,0.0206285,1.40437,0.679061101,0.000120705,0.000106046,2.306567501,6.60E-05,0.00547,0.0113,24.415,-1.29165,1
0.565397322,0.000269588,0.0135645,1.09907,0.736569089,0.000108609,0.000111077,1.64856659,8.75E-05,0.000769,-2.00E+05,25.7539,2.00E+07,0.8
0.471457291,0.000123777,0.0012545,1.47879,0.654657344,0.000133396,0.000100917,1.747721177,3.86E-05,0.00109,0.00665,30.9325,-0.698104,1
0.942589659,1.43E-05,0.040074001,1.35155,0.76139726,0.00012982,0.000119019,2.880719096,1.13E-05,0.00759,-2.00E+05,21.1725,2.00E+07,1
0.521017213,0.000219816,0.000806,1.50344,0.660386921,0.000114456,0.000106654,1.549030934,0.00012304,0.00644,0.0443,19.6212,-4.62388,0.9
0.552225599,0.000214694,0.0081965,1.49256,0.675665796,0.000111818,0.000103165,1.336086327,0.000119295,0.00666,0.0126,21.089,-1.45591,1
0.546392607,0.000253858,0.0002765,1.43375,0.65359631,0.000108715,0.000103171,1.321234051,7.03E-05,0.0169,0.0518,26.1993,-5.68558,1
0.709139061,6.42E-05,0.0088115,1.49944,0.672482697,0.000129475,0.000103961,2.558681026,6.30E-05,0.00713,0.0192,24.9056,-2.13647,0
0.820849346,4.34E-05,0.102693502,1.34585,0.855192575,0.000193334,9.16E-05,0.31678112,3.89E-06,0.000494,-2.00E+05,33.5823,2.00E+07,0
0.791668391,4.43E-05,0.013434501,0.76334,0.871108069,0.000172597,9.15E-05,1.238358698,2.10E-05,0.000394,-2.00E+05,36.1349,2.00E+07,1
0.761683108,5.00E-05,0.065864002,0.840251,0.85858788,0.000164811,8.66E-05,1.229508513,2.37E-05,0.000353,-2.00E+05,30.6444,2.00E+07,0.8
0.066235675,9.44E-06,0.008978,1.46749,0.845643278,0.000201069,7.38E-05,3.046248596,6.21E-06,4.72E-05,-2.00E+05,36.6122,2.00E+07,1
0.860166329,6.62E-05,0.134776505,1.47753,0.865166285,0.000191157,8.93E-05,0.325001858,8.81E-07,0.000447,-2.00E+05,34.2963,2.00E+07,1
0.635231567,0.000253532,0.040785501,0.847695,0.812114636,0.000168512,8.19E-05,1.644811163,3.94E-05,0.00202,-2.00E+05,36.311,2.00E+07,0.1
0.745285747,0.000180025,0.056701502,0.765679,0.805324025,0.00019387,9.65E-05,0.584070139,7.44E-06,0.00045,-2.00E+05,34.341,2.00E+07,0
0.846379828,2.94E-06,0.086890503,1.06303,0.76330712,0.00019016,8.73E-05,2.39569525,2.91E-05,0.000307,-2.00E+05,43.6951,2.00E+07,0.9
0.864111679,0.00028576,0.117134003,0.775758,0.432689246,0.000191597,0.000108597,1.484357041,0.000292148,0.00862,0.0191,21.9329,-2.16517,0.4
0.845006498,0.000559774,0.0006125,1.06812,0.666753119,0.000223642,9.01E-05,2.819911712,0.000161916,0.000325,-2.00E+05,19.4209,2.00E+07,1
0.821382316,7.48E-05,0.0037665,1.14116,0.52966766,0.000200592,9.49E-05,1.141025818,0.000543459,0.00134,-2.00E+05,18.1639,2.00E+07,0
0.816385666,0.000125547,0.0081935,1.25856,0.538368129,0.000209171,9.12E-05,2.83262716,0.000233246,0.000832,-2.00E+05,24.3888,2.00E+07,0.8
0.834163323,9.86E-05,0.003374,1.10684,0.540702402,0.000207928,9.25E-05,3.012215438,0.000232937,0.00307,0.0285,26.8435,-2.94495,1
0.693576809,0.000205723,0.0013065,1.23353,0.531577519,0.000190069,0.000110723,1.276699499,0.000277963,0.000963,-2.00E+05,25.9036,2.00E+07,0
0.92423917,0.000830225,0.054060501,0.915289,0.583992548,0.000202826,8.87E-05,2.572288819,0.000256705,0.00218,0.00996,26.1001,-1.0617,1
0.877096892,0.000315816,0.158796504,0.750327,0.467703334,0.000200604,0.000102377,1.297832203,0.000262196,0.00395,0.0181,21.9705,-1.92507,1
0.920560984,0.000275198,0.0001715,0.971473,0.630041379,0.000195099,0.000109101,1.444662156,0.000352501,0.00181,0.0134,16.8083,-1.38951,1
0.954154056,0.000471328,0.003974,0.777984,0.510781272,0.000187366,9.70E-05,1.477563128,0.000188881,0.00343,0.0148,15.2151,-1.58584,1
0.364965058,0.000266855,0.018819501,1.52442,0.612003818,8.50E-05,9.83E-05,1.503754123,2.68E-05,0.00518,-2.00E+05,49.6852,2.00E+07,0
0.37476542,0.000282835,0.068464502,1.49293,0.637893023,8.58E-05,9.68E-05,1.483170441,2.31E-05,0.005,-2.00E+05,47.636,2.00E+07,0
0.629701196,0.000222517,0.0070205,0.873312,0.738054534,8.80E-05,0.000101972,1.485539818,1.75E-05,0.0037,0.026,51.1985,-2.70604,1
0.627133718,0.000153882,0.021063501,0.877091,0.768824491,8.93E-05,0.00010297,1.458635929,1.28E-05,0.00273,0.00764,52.9448,-0.845697,1
0.074201174,2.33E-05,0.105939503,1.50013,0.802353133,9.32E-05,9.90E-05,2.760657463,2.53E-06,0.00495,-2.00E+05,52.1198,2.00E+07,0.1
0.775692899,0.000249469,0.051105501,0.739583,0.732537163,9.13E-05,0.000104975,1.504030169,9.38E-06,0.00386,0.025,58.0931,-2.61862,0.2
0.878995986,6.31E-05,0.062294002,1.37539,0.846492104,0.000136854,9.91E-05,1.381233123,2.72E-06,0.00018,-2.00E+05,34.6963,2.00E+07,1
0.496087385,5.85E-05,0.046989501,0.87918,0.82930337,0.000137627,9.59E-05,1.73085513,2.73E-06,0.000195,-2.00E+05,32.0715,2.00E+07,0
0.410751281,3.08E-05,0.064216502,0.891783,0.826969098,0.00013466,9.98E-05,1.801841006,8.40E-06,0.000288,-2.00E+05,31.5373,2.00E+07,0
0.72768417,9.50E-05,0.107034004,1.48343,0.833335296,0.000143573,0.000101176,1.63251949,2.48E-05,0.000133,-2.00E+05,33.9305,2.00E+07,0
0.387825047,4.58E-05,0.0150965,1.11027,0.83121323,0.000134714,9.68E-05,1.792272446,2.40E-05,0.000149,-2.00E+05,33.4252,2.00E+07,0
0.465784286,3.56E-05,0.080466502,0.795617,0.841399146,0.000133532,0.00010011,1.541344834,1.60E-05,0.000205,-2.00E+05,37.0132,2.00E+07,0
0.953495081,0.000138994,0.044169501,0.740992,0.816995388,0.000101548,9.56E-05,1.578518946,3.48E-05,0.000585,0.0304,23.9314,-3.05854,1
0.965156625,9.05E-05,0.051939501,1.07105,0.826544685,0.000106116,9.54E-05,1.556877657,3.58E-05,0.000774,0.0193,23.8719,-1.95758,1
0.9547133,0.0001734,0.036456001,0.755007,0.805324025,0.000109048,9.64E-05,1.313485935,4.57E-05,0.000549,-2.00E+05,26.4422,2.00E+07,1
0.96143449,4.49E-05,0.018175501,0.818988,0.812326843,0.000114371,9.54E-05,1.450899323,4.60E-05,0.000559,-2.00E+05,27.9823,2.00E+07,1
0.920690098,0.000159497,0.011376501,0.735323,0.81126581,0.000114616,9.85E-05,1.42856362,1.88E-05,0.00038,-2.00E+05,30.0297,2.00E+07,1
0.928252432,0.000168443,0.043489502,1.12155,0.823785998,0.000111488,9.57E-05,1.703840331,4.52E-05,0.000653,-2.00E+05,26.3614,2.00E+07,1
0.537048173,0.000277832,0.440054012,0.904118,0.630465792,0.000106785,9.10E-05,1.830756332,0.000133685,0.000719,-2.00E+05,28.9627,2.00E+07,1
0.89028511,5.38E-05,0.043291501,0.740902,0.805324025,0.000120716,9.88E-05,1.817562372,4.27E-05,0.000635,-2.00E+05,30.4339,2.00E+07,1
0.845274013,0.000165233,0.031440501,1.43261,0.743147493,0.000171672,0.000102048,0.951907203,3.32E-05,0.000326,-2.00E+05,31.1117,2.00E+07,1
0.817942587,2.29E-05,0.281306008,1.2374,0.888933423,0.000184733,9.95E-05,2.855188014,5.94E-06,0.000217,-2.00E+05,28.4646,2.00E+07,1
0.680546675,0.000112658,0.019334,1.0336,0.710679884,0.000182502,0.000107057,0.730565763,4.76E-05,0.000707,-2.00E+05,37.9113,2.00E+07,1
0.731142582,0.000429473,0.024313501,1.1858,0.728293032,0.000175449,0.000103991,0.891155717,3.74E-05,0.000555,-2.00E+05,33.1639,2.00E+07,0
0.736808459,0.000377056,0.0043205,0.737309,0.804899612,0.000181189,8.76E-05,1.29580056,5.61E-05,0.00119,-2.00E+05,22.9933,2.00E+07,1
0.879040131,0.000443729,0.002318,0.763909,0.735508056,0.000176553,8.92E-05,1.21815739,8.32E-05,0.00158,-2.00E+05,25.8177,2.00E+07,0.9
0.514015797,0.000173134,0.042612501,0.852394,0.804899612,0.00018125,8.89E-05,1.38824568,2.84E-05,0.000196,-2.00E+05,22.2591,2.00E+07,1
0.86831125,3.42E-05,0.0168395,1.00745,0.764368152,0.000170508,9.61E-05,1.527402696,6.16E-05,0.000277,-2.00E+05,27.6703,2.00E+07,0.3
0.776078999,0.000334606,0.021128001,0.807404,0.733598196,0.000175551,0.00010439,1.392303823,2.42E-05,0.00102,-2.00E+05,27.4529,2.00E+07,0.6
0.845546775,0.00036752,0.016150501,0.999698,0.725109932,0.00018126,8.12E-05,1.120923991,6.03E-05,0.000325,-2.00E+05,27.6408,2.00E+07,1
0.911683618,7.98E-05,0.0122855,0.749201,0.796199142,0.0001751,9.64E-05,1.680887544,0.000104016,0.00013,0.0135,26.5914,-1.35701,0.9
0.832043889,5.03E-05,0.0007505,0.838635,0.782193506,0.000182469,0.000105587,1.144322015,1.51E-05,0.000256,-2.00E+05,24.4417,2.00E+07,1
0.709990024,0.000104346,0.055164502,0.941054,0.790257357,0.000174791,9.63E-05,1.415563298,3.86E-05,0.000182,-2.00E+05,28.4904,2.00E+07,0.8
0.702167046,0.000324359,0.021979501,1.09526,0.744208526,0.000186833,0.00011066,1.182367531,1.72E-05,0.000254,-2.00E+05,28.5806,2.00E+07,1
0.879491644,0.000185473,0.037803501,0.789821,0.775615103,0.000173256,0.000104629,1.081806651,1.79E-05,0.000161,-2.00E+05,27.3904,2.00E+07,0.8
0.651794844,0.000351756,0.020794501,1.25922,0.720016975,0.000183879,0.000106214,0.87573139,3.04E-05,0.000463,-2.00E+05,36.1623,2.00E+07,0
0.547414242,4.54E-05,0.042738502,0.931508,0.774554069,0.000189108,9.34E-05,1.329450876,2.29E-05,0.000964,-2.00E+05,19.6248,2.00E+07,1
0.510320565,0.000174902,0.0180395,0.940824,0.75206017,0.000178589,9.00E-05,1.283375689,3.53E-05,0.000293,-2.00E+05,23.0761,2.00E+07,1
0.510320565,0.000174902,0.0180395,0.940824,0.75206017,0.000178589,9.00E-05,1.283375689,3.53E-05,0.000293,-2.00E+05,23.0761,2.00E+07,1
0.729542848,3.68E-05,0.029935501,1.09251,0.76203388,0.000169639,9.62E-05,1.240591194,3.39E-05,0.000882,-2.00E+05,23.8316,2.00E+07,0.9
0.729542848,3.68E-05,0.029935501,1.09251,0.76203388,0.000169639,9.62E-05,1.240591194,3.39E-05,0.000882,-2.00E+05,23.8316,2.00E+07,0.8
0.768254262,1.96E-05,0.012768001,0.763556,0.759487401,0.000171676,9.55E-05,1.373635997,3.20E-05,0.00191,-2.00E+05,27.1004,2.00E+07,1
0.837906839,0.000132266,0.052218502,1.26501,0.817632008,0.000172621,9.87E-05,1.552012386,9.40E-05,0.000146,0.000915,23.4314,-0.0958477,1
0.926785558,0.000145697,0.029434501,0.737367,0.774766276,0.000176044,9.47E-05,1.429444773,5.06E-05,0.000177,-2.00E+05,28.144,2.00E+07,1
0.914951054,3.51E-07,0.025574001,0.732173,0.796199142,0.000170161,9.73E-05,1.564560561,7.32E-05,0.000124,-2.00E+05,27.838,2.00E+07,1
0.960942734,0.00018772,0.058143502,0.889726,0.820178487,0.000104407,9.51E-05,1.504140481,4.51E-05,0.000528,0.00128,23.3182,-0.144031,1
0.989599724,0.000136875,0.029314501,0.783588,0.817419801,0.000103188,9.60E-05,1.620168003,2.18E-05,0.000581,0.0382,24.3813,-3.83527,1
0.977968518,8.07E-05,0.050178501,0.93707,0.823361586,0.000106045,9.68E-05,1.551418949,3.30E-05,0.000604,0.0245,23.5222,-2.46534,1
0.959886587,7.38E-05,0.032199501,0.735614,0.79938224,0.000106337,9.94E-05,1.305743971,4.44E-05,0.000806,0.00147,26.7002,-0.171511,1
0.903763105,0.000215539,0.025101501,0.738992,0.7819813,0.000111459,9.30E-05,1.371476567,4.85E-05,0.000926,-2.00E+05,30.1465,2.00E+07,0.9
0.950790432,2.38E-05,0.032721501,0.732011,0.802565339,0.000115911,9.87E-05,1.749181872,4.33E-05,0.000673,-2.00E+05,28.7715,2.00E+07,1
0.724107144,0.00077167,0.68634202,0.747068,0.591207572,0.00010794,9.69E-05,1.298020742,0.000125146,0.000443,-2.00E+05,26.1327,2.00E+07,0
0.956607493,0.000347431,0.026019501,0.758448,0.770522144,0.000113662,8.83E-05,1.248630081,5.79E-05,0.000884,-2.00E+05,28.6753,2.00E+07,1
0.872578525,0.00013313,0.021738501,0.736384,0.771158763,0.00011804,0.000102909,1.431342934,2.11E-05,0.000975,-2.00E+05,30.3133,2.00E+07,0.8
0.370900719,0.000372463,0.529449514,1.45643,0.613489264,0.000112482,0.000120206,1.971989815,0.000111379,0.000638,-2.00E+05,28.389,2.00E+07,0
0.939048839,4.92E-05,0.007478,0.761163,0.808082711,0.000119862,9.69E-05,1.673902044,2.90E-05,0.000555,0.00983,30.1322,-0.999897,1
0.975347961,0.000101104,0.015392,0.746562,0.812751256,0.000104854,9.60E-05,1.612319316,3.25E-05,0.000617,0.0347,24.7254,-3.49287,1
0.934936968,6.27E-05,0.056552003,0.774036,0.823998206,0.000110904,9.92E-05,1.705286194,3.05E-05,0.00634,0.0333,27.0469,-3.52039,1
0.774203336,6.22E-05,0.047162001,0.84606,0.808082711,0.000108018,0.000100009,1.337310911,2.62E-05,0.000749,7.22E-18,27.5466,-0.0224775,0.8
0.823161536,0.000358789,0.033733502,0.781817,0.765853599,0.000113414,8.65E-05,1.134146713,6.29E-05,0.00177,-2.00E+05,29.2085,2.00E+07,1
0.982122849,0.000123011,0.046828502,0.967365,0.81869304,0.000123523,9.72E-05,1.516415677,1.92E-05,0.000669,-2.00E+05,29.4957,2.00E+07,1
0.573555575,0.000236734,0.0007955,1.50708,0.661872367,0.000114006,0.000106613,1.572131311,0.000124732,0.0066,0.045,19.0108,-4.69579,0.8
0.578065851,0.000246481,0.0044795,1.49431,0.670785044,0.000115733,0.000106105,1.314015574,0.000112877,0.00824,0.0247,20.9658,-2.71467,0
0.486322423,9.96E-05,0.0064205,1.52384,0.654020723,0.000112521,0.000102461,1.383571319,9.82E-05,0.0063,0.00694,23.1996,-0.883416,1
0.486322423,9.96E-05,0.0064205,1.52384,0.654020723,0.000112521,0.000102461,1.383571319,9.82E-05,0.0063,0.00694,23.1996,-0.883416,1
0.510284192,0.000327108,0.004514,1.48024,0.65423293,0.000118105,0.000100499,1.721738557,0.00014387,0.00761,0.0161,28.0841,-1.8383,0.2
0.714613875,0.000322911,0.036348501,1.36522,0.677787862,0.00011129,0.000102965,1.228080266,0.000104691,0.00565,-2.00E+05,27.9096,2.00E+07,0.9
0.409258043,0.000140209,0.077246003,1.38773,0.716621669,0.000124748,0.000103728,2.28029963,3.86E-05,0.00089,-2.00E+05,24.6393,2.00E+07,1
0.528546217,0.000143205,0.027213501,0.950648,0.739964394,0.00011815,0.000100301,1.802664859,8.91E-05,0.00469,-2.00E+05,27.4234,2.00E+07,1
0.532195053,0.000343157,0.081091502,1.25678,0.681183167,0.000127716,0.000108469,1.453846109,0.000120987,0.00108,-2.00E+05,31.5726,2.00E+07,0
0.629964753,4.08E-05,0.021739501,0.977909,0.766490218,0.000114096,8.89E-05,1.636926281,9.13E-05,0.000678,-2.00E+05,32.3691,2.00E+07,0.9
0.841179546,7.00E-05,0.011894001,0.862552,0.713862983,0.000117492,9.49E-05,2.122814713,9.56E-05,0.0011,-2.00E+05,33.0861,2.00E+07,0.4
0.86763958,0.000377898,0.042510502,0.78412,0.69540101,0.000110986,0.000108589,1.162859128,0.000108281,0.00149,-2.00E+05,30.9842,2.00E+07,0
0.588771431,0.000261529,0.056800502,0.952764,0.660811335,0.00013168,0.000111352,0.931065925,0.000124228,0.00226,-2.00E+05,33.0173,2.00E+07,0
0.571171956,0.000247871,0.0015135,1.51787,0.665267673,0.000115334,0.000106417,1.580659291,0.000128587,0.0066,0.044,18.0054,-4.59496,1
0.522738731,0.000204666,0.002246,1.44045,0.66484326,0.000119889,0.000106364,1.609653321,0.000126005,0.00133,0.0305,22.2149,-3.09136,1
0.522738731,0.000204666,0.002246,1.44045,0.66484326,0.000119889,0.000106364,1.609653321,0.000126005,0.00133,0.0305,22.2149,-3.09136,1
0.524256962,9.86E-05,0.0082355,1.51716,0.654657344,0.000120527,0.00010521,1.670600775,0.000112393,0.00131,0.00828,22.8697,-0.867625,0.9
0.585130337,0.000326973,0.0296205,1.14159,0.67545359,0.000113488,0.00010282,1.712441126,0.000140261,0.0014,0.0145,20.6023,-1.49191,1
0.665513143,0.000230476,0.002834,0.924056,0.723624486,0.000102844,0.00011145,1.693338367,9.04E-05,0.00104,0.0108,26.1946,-1.11107,0.8
0.534613731,0.000328256,0.013016001,1.50442,0.649776592,0.00012842,0.000109573,1.65498246,0.000141451,0.0011,0.007,28.6171,-0.732569,0.7
0.642778277,0.000200074,0.0101265,1.17852,0.727019792,0.000105041,9.43E-05,1.603067635,9.83E-05,0.000869,-2.00E+05,26.1891,2.00E+07,1
0.809567609,0.000231502,0.0073905,0.797928,0.763307119,0.000108755,0.000118282,1.679398283,7.50E-05,0.000612,-2.00E+05,26.3302,2.00E+07,1
0.65211142,0.000307222,0.0047285,1.34758,0.648927765,0.000119491,9.99E-05,0.966136821,0.000102366,0.00321,-2.00E+05,27.3321,2.00E+07,0.6
0.436552193,5.01E-05,0.002282,1.52823,0.68351744,0.00011179,0.000105512,1.164764635,0.000107432,0.00104,-2.00E+05,24.7944,2.00E+07,1
0.597450788,0.0001708,0.008246,1.43172,0.744632939,0.000141048,0.000103287,3.035499177,6.25E-05,0.00432,0.0307,28.9485,-3.19975,1
0.589175891,2.64E-05,8.00E-06,1.09061,0.763094914,0.000118931,8.97E-05,1.645758663,8.35E-05,0.000655,-2.00E+05,30.9858,2.00E+07,1
0.768497116,0.000228519,0.033661501,0.795955,0.728293032,0.000118607,0.000111105,1.592365201,0.000117877,0.00503,-2.00E+05,26.1621,2.00E+07,1
0.878779029,2.24E-05,0.136200504,1.49659,0.843945625,0.000190225,9.02E-05,0.259080911,3.42E-06,0.0006,-2.00E+05,36.6814,2.00E+07,1
0.106800794,4.89E-06,0.033960501,1.37103,0.833759709,0.000201062,8.67E-05,2.99259057,2.25E-06,3.35E-05,-2.00E+05,33.3128,2.00E+07,0.9
0.859471977,8.35E-06,0.0138515,0.933029,0.891692109,0.000170285,8.31E-05,1.375346636,4.83E-05,0.000606,-2.00E+05,37.2468,2.00E+07,0.5
0.759469245,3.93E-05,0.063134003,1.00908,0.923310891,0.000177481,9.25E-05,1.382878311,2.42E-05,0.000625,-2.00E+05,34.8394,2.00E+07,1
0.780930111,0.000212472,0.132794004,1.34741,0.821663932,0.00018814,9.12E-05,0.42220195,4.63E-06,0.000766,-2.00E+05,34.9886,2.00E+07,0
0.211432842,1.17E-05,0.042018501,1.47499,0.86856159,0.000201698,8.68E-05,2.935830579,3.23E-06,1.99E-05,-2.00E+05,31.0991,2.00E+07,0.6
0.889953512,1.92E-05,0.035943501,0.992855,0.876837648,0.000173863,8.78E-05,1.681439303,2.02E-05,0.000256,-2.00E+05,35.3843,2.00E+07,1
0.841989712,0.000507353,0.056211501,0.744708,0.633012271,0.000176142,9.49E-05,1.885816032,6.03E-05,0.00108,-2.00E+05,43.5141,2.00E+07,0
0.764185438,7.79E-05,0.180594006,0.939622,0.944107138,0.000182602,8.10E-05,1.488437302,1.41E-05,0.000289,0.00895,35.8876,-0.903447,0.7
0.88461236,8.14E-05,0.041604501,0.74912,0.756516509,0.000184296,8.27E-05,0.314257326,2.08E-05,0.000339,-2.00E+05,36.6222,2.00E+07,0
0.724687308,0.000193908,0.180813506,1.50623,0.86665173,0.000190551,7.98E-05,0.343596897,1.93E-06,0.000378,-2.00E+05,35.1222,2.00E+07,0
0.860624924,0.000349059,0.042778501,0.781124,0.819966281,0.00018393,8.80E-05,0.895962277,4.15E-05,0.00259,-2.00E+05,35.7975,2.00E+07,0.4
0.793837389,0.000142995,0.214885505,0.750532,0.958749393,0.000181139,9.02E-05,1.466465071,3.64E-05,0.000458,-2.00E+05,38.6527,2.00E+07,0.9
0.982010617,8.88E-05,0.0002625,0.873611,0.61815781,0.000197065,0.000104835,1.464186732,0.000356477,0.000726,-2.00E+05,16.693,2.00E+07,1
0.973316472,0.000406943,9.15E-05,0.765832,0.610518372,0.00019829,0.000105671,1.361067632,0.000352227,0.00181,0.0175,15.7529,-1.80903,1
0.898398739,0.000710594,0.000168,0.936156,0.567228228,0.000195418,9.16E-05,0.86082387,0.000265909,0.00229,0.00262,17.9741,-0.330366,1
0.888253139,0.000315402,0.0125795,1.12496,0.524786907,0.000200169,9.00E-05,2.063171469,0.00049462,0.00324,0.0315,15.5962,-3.25205,1
0.848396462,0.000165119,0.0014315,1.10063,0.626221659,0.000196037,0.00010993,1.474162102,0.000329577,0.00181,-2.00E+05,16.9016,2.00E+07,1
0.677563229,4.72E-05,0.0113855,1.49824,0.640651708,0.000230321,0.000117692,2.604033675,9.33E-05,0.00152,-2.00E+05,16.8496,2.00E+07,1
0.744747768,0.000513757,0.0017055,1.42607,0.605425414,0.000223898,0.000111084,2.470006252,0.000195804,0.000305,-2.00E+05,20.2583,2.00E+07,1
0.754221317,0.000162922,0.006626,1.18266,0.582719309,0.000214904,8.82E-05,3.045757505,0.00014574,0.00255,0.0211,21.8888,-2.18811,1
0.824494045,0.000103339,0.0024885,1.24902,0.537943717,0.000210899,9.36E-05,2.760728969,0.000228339,0.000844,-2.00E+05,26.0156,2.00E+07,1
0.74209924,0.000565088,0.000122,1.28493,0.502080803,0.000175359,7.82E-05,0.662146658,0.0002958,0.000903,0.00818,22.574,-0.845068,1
0.767593407,0.00052765,0.0060795,1.49847,0.606062033,0.00022615,8.83E-05,2.426136289,0.000187215,0.000415,-2.00E+05,22.9605,2.00E+07,0
0.82261446,0.000439933,0.0040065,1.21255,0.67163387,0.000224593,0.000101326,2.810661883,0.00015592,0.000312,-2.00E+05,20.4004,2.00E+07,0
0.81814346,0.000792063,5.00E-07,1.04091,0.533911791,0.000208464,7.74E-05,2.138347837,0.000481536,0.00107,-2.00E+05,27.7266,2.00E+07,0.7
0.949890652,0.001106161,0.0055565,0.793169,0.523513668,0.000195562,0.000100329,0.68993649,0.000304223,0.00251,-2.00E+05,23.3727,2.00E+07,0
0.92207642,0.000269049,0.035310501,0.876469,0.610306165,0.000202248,0.000102868,0.935853114,0.000290299,0.00213,0.000627,25.4044,-0.126707,0.9
0.782940875,0.000194357,0.049311502,1.41183,0.527545593,0.000199253,9.81E-05,1.384484717,0.000500953,0.00111,-2.00E+05,29.7791,2.00E+07,0
0.523607057,0.000204997,0.0098435,1.44124,0.742510874,0.000242031,0.000117614,2.672181713,2.12E-05,9.42E-05,-2.00E+05,24.8801,2.00E+07,0
0.983670499,0.000440257,0.016305501,0.892308,0.518420709,0.000195113,8.93E-05,2.578269839,0.000300524,0.00878,0.0825,25.942,-8.51781,0.8
0.698713861,0.000694667,0.009128,1.42662,0.607123066,0.000226647,0.000112067,2.475562693,0.000191348,0.00182,-2.00E+05,27.6759,2.00E+07,0
0.940041051,0.001132834,0.011290501,0.962892,0.55831555,0.000194918,9.13E-05,0.740136536,0.000310487,0.000722,-2.00E+05,23.3797,2.00E+07,1
0.965259838,0.001364845,0.0010035,0.81483,0.511842306,0.000189123,9.74E-05,1.510611189,0.000362449,0.00348,0.00794,16.5641,-0.898599,1
0.66360983,6.47E-05,9.95E-05,1.4436,0.690520258,0.000193978,9.04E-05,1.552352735,0.00040923,0.00123,0.00996,18.6209,-1.03267,0.1
0.9593163,0.000305727,0.0007665,0.905308,0.50038315,0.000186813,9.33E-05,1.408204703,0.0003023,0.00103,-2.00E+05,20.9137,2.00E+07,0.9
0.92530155,0.000706264,0.012102001,0.807582,0.512478925,0.000187238,9.86E-05,1.409014035,0.000209669,0.00347,0.0477,16.8714,-4.8784,1
0.59606104,0.000318525,0.0060515,1.42301,0.697310869,0.000235253,9.68E-05,2.94888258,9.78E-05,0.000174,-2.00E+05,19.3253,2.00E+07,1
0.85068174,4.91E-05,0.0039195,1.08634,0.495290191,0.000184196,8.35E-05,0.783629612,0.000306865,0.00382,0.00848,22.2629,-0.962682,1
0.796310695,0.001062868,0.008358,1.08487,0.509295826,0.000178306,8.72E-05,0.967970168,0.000368901,0.0012,0.0193,22.8237,-1.96873,0
0.744215782,0.000385883,0.0031115,1.34253,0.561710855,0.000195989,0.000113789,1.437771417,0.000300672,0.00245,-2.00E+05,23.8207,2.00E+07,0
0.962448546,0.000373293,0.021966,0.929861,0.519481743,0.000189404,8.70E-05,0.634961572,0.000263392,0.00133,-2.00E+05,21.056,2.00E+07,1
0.784858068,0.000740507,0.0030795,1.31884,0.570411326,0.000190876,0.000118158,1.086557873,0.000307542,0.000775,-2.00E+05,26.3467,2.00E+07,0.2
0.186941693,0.000163357,0.097408504,1.52396,0.702828241,8.77E-05,0.000105881,2.944583728,1.07E-05,0.00222,-2.00E+05,34.3162,2.00E+07,1
0.150061717,0.000171247,0.850791527,1.4993,0.564469541,8.74E-05,8.46E-05,2.9472539,1.95E-05,0.000652,-2.00E+05,37.2057,2.00E+07,0
0.16727354,0.000202094,0.131310505,1.52875,0.672058284,8.85E-05,0.000102041,2.926309292,1.10E-05,0.00299,-2.00E+05,38.2263,2.00E+07,0.8
0.192508228,5.26E-05,0.170803505,1.48537,0.788135291,8.91E-05,0.000105855,2.852834367,2.92E-06,0.00241,-2.00E+05,35.9152,2.00E+07,0
0.1355049,0.000220756,0.450783514,1.45352,0.661235748,8.72E-05,0.000113047,2.890384144,5.89E-06,0.00815,-2.00E+05,43.2018,2.00E+07,0
0.303538278,7.46E-05,0.015974001,1.47271,0.867288351,9.13E-05,9.92E-05,2.926522257,2.49E-06,0.000568,-2.00E+05,41.348,2.00E+07,0
0.258411417,4.97E-05,0.065786002,1.48564,0.915034834,9.33E-05,9.23E-05,2.894127041,1.03E-06,0.000336,-2.00E+05,39.7402,2.00E+07,0
0.258411417,4.97E-05,0.065786002,1.48564,0.915034834,9.33E-05,9.23E-05,2.894127041,1.03E-06,0.000336,-2.00E+05,39.7402,2.00E+07,0
0.294450211,5.66E-05,0.050116502,1.47018,0.902090232,9.04E-05,9.73E-05,2.984235483,5.05E-06,0.000678,-2.00E+05,38.3349,2.00E+07,0
0.526787191,4.77E-05,0.020940501,1.50867,0.920127792,9.15E-05,9.36E-05,2.907835226,5.13E-06,0.000341,-2.00E+05,39.3618,2.00E+07,0
0.325915878,1.81E-05,2.60E-05,1.48373,0.913124974,9.18E-05,0.000101316,2.832082532,5.94E-06,0.000345,-2.00E+05,41.4461,2.00E+07,0.1
0.175963689,0.000195186,0.089731503,1.528,0.70601134,8.80E-05,8.57E-05,2.911986663,1.54E-05,0.0128,0.0062,34.3281,-1.00366,1
0.176397477,0.000162028,0.111558503,1.52743,0.705586926,8.85E-05,0.000109686,2.9514951,7.60E-06,0.002,-2.00E+05,36.0496,2.00E+07,0.9
0.174901254,0.000212181,0.099001503,1.51919,0.732749369,8.78E-05,8.43E-05,2.929195008,1.09E-05,0.0153,-2.00E+05,33.4922,2.00E+07,0.2
0.132945411,0.000136044,0.149835505,1.52124,0.756092095,9.01E-05,8.60E-05,2.940528798,5.64E-06,0.00203,0.00819,30.969,-0.880232,0
0.171394915,0.000156599,0.125010504,1.48472,0.708345612,8.80E-05,9.48E-05,2.940756867,1.75E-05,0.0026,-2.00E+05,41.9399,2.00E+07,0.1
0.158000703,0.00016792,0.141938004,1.5013,0.724261107,8.87E-05,9.04E-05,2.771057149,6.22E-06,0.0022,-2.00E+05,40.8149,2.00E+07,0.2
0.173463807,0.000148557,0.149031503,1.52005,0.69540101,8.83E-05,9.33E-05,2.885448054,1.68E-05,0.00279,-2.00E+05,39.1776,2.00E+07,1
0.142217021,5.63E-05,0.062118502,1.48183,0.820178487,9.17E-05,9.48E-05,2.968409364,2.07E-06,0.00363,-2.00E+05,39.6385,2.00E+07,0
0.37935578,4.41E-05,0.016644501,1.5203,0.9171569,9.19E-05,9.37E-05,2.909669056,1.57E-06,0.000473,-2.00E+05,42.1061,2.00E+07,0.4
0.169481567,3.92E-05,0.055116501,1.49378,0.817207594,9.13E-05,9.85E-05,2.738936809,1.68E-06,0.00114,-2.00E+05,49.438,2.00E+07,0
0.39747729,7.47E-06,0.0213365,1.4926,0.953232021,9.08E-05,0.000101477,2.942848721,7.90E-07,0.000224,-2.00E+05,41.4038,2.00E+07,0.7
0.856614921,0.000185746,0.036804501,0.93378,0.747603831,9.01E-05,9.93E-05,1.567446164,1.24E-05,0.00265,-2.00E+05,53.6525,2.00E+07,0.9
0.763796141,0.000409042,0.801334523,0.884205,0.636619783,0.000125785,0.000118861,1.575499594,2.71E-05,0.00012,-2.00E+05,35.2653,2.00E+07,0
0.884674775,3.93E-05,0.098496503,1.2523,0.841186939,0.000138113,9.39E-05,1.224071314,2.75E-06,0.000202,-2.00E+05,40.1788,2.00E+07,0
0.167997681,4.56E-05,0.790941525,1.48633,0.544522121,0.000107224,6.18E-05,2.503663481,2.56E-05,0.000788,-2.00E+05,35.7072,2.00E+07,0
0.528732267,4.61E-05,0.067950002,0.848355,0.836518394,0.00013937,9.76E-05,1.623973773,1.30E-06,0.000207,-2.00E+05,34.8482,2.00E+07,0
0.875798442,0.000112158,0.021810501,0.805312,0.878110887,0.000140827,9.86E-05,1.139808265,2.07E-05,0.000766,-2.00E+05,35.371,2.00E+07,0
0.88946231,0.000100495,0.040778001,0.777138,0.705162513,0.000139908,9.47E-05,1.134187791,3.96E-05,0.00139,-2.00E+05,44.136,2.00E+07,0.9
0.438009123,9.16E-06,0.041306001,0.8788,0.943894931,0.000165787,8.60E-05,1.30309875,0,0,-1.00E+05,38.3853,1.00E+07,0
0.944368009,0.000588268,0.001806,0.918287,0.662721194,0.000176205,9.80E-05,0.581960484,0.000135155,0.000965,-2.00E+05,29.7546,2.00E+07,0.9
0.907917098,0.000503914,0.075496502,1.16764,0.692005704,0.000180951,9.97E-05,0.218499969,6.34E-05,0.000802,-2.00E+05,31.1584,2.00E+07,1
0.822153935,0.00020149,0.041373501,1.44792,0.711528711,0.000169217,0.000106034,0.541880145,3.39E-05,0.000434,-2.00E+05,28.396,2.00E+07,0
0.824619751,0.000354388,0.0092085,1.27856,0.756940922,0.000171012,0.000102535,1.017672022,3.40E-05,0.000385,-2.00E+05,31.3534,2.00E+07,0.1
0.881463175,0.000385435,0.041833502,1.36723,0.708557818,0.000169433,0.00011265,0.510690751,2.18E-05,0.000529,-2.00E+05,28.6491,2.00E+07,0
0.865989105,0.00014209,0.407246014,0.929606,0.887660184,0.000182035,0.000101793,2.835348376,1.77E-06,0.000297,-2.00E+05,23.0988,2.00E+07,1
0.779180916,7.51E-05,0.042753501,1.49822,0.808719331,0.000170494,0.000103908,1.167777482,4.45E-05,0.00118,-2.00E+05,30.7757,2.00E+07,0
0.885544057,0.000583765,0.050599502,0.902584,0.693915563,0.000171703,9.06E-05,0.692639411,1.86E-05,0.00081,-2.00E+05,33.7302,2.00E+07,1
0.915162049,0.000289227,0.0022785,0.730988,0.707284579,0.000172812,0.000113451,0.783511683,6.15E-05,0.000973,-2.00E+05,29.1494,2.00E+07,1
0.955584527,6.88E-05,0.0130545,1.10114,0.664631053,0.000174461,0.000106757,0.467285067,3.85E-05,0.00113,-2.00E+05,28.2571,2.00E+07,0
0.686073205,0.000277066,0.002562,1.39827,0.784952192,0.00017124,0.000110272,0.949624561,6.58E-05,0.000306,-2.00E+05,29.5094,2.00E+07,0
0.737677424,8.45E-05,0.412328014,0.912103,0.884477085,0.000184059,0.000103059,2.692596026,1.77E-06,0.000336,-2.00E+05,26.7514,2.00E+07,1
0.950397854,9.58E-05,0.0085995,1.0737,0.714924016,0.000172084,0.000106904,0.80870884,3.14E-05,0.000678,-2.00E+05,32.8577,2.00E+07,0.8
0.874141145,3.54E-05,0.333746011,1.16115,0.923310891,0.000183976,0.000109825,2.883622753,1.17E-06,0.000285,-2.00E+05,22.9506,2.00E+07,1
0.882944683,0.000320935,0.019304001,1.21683,0.697310869,0.000170398,0.000102162,0.593323732,3.04E-05,0.000613,-2.00E+05,26.8569,2.00E+07,1
