PointArng,TriangleSize,Extension,Spread,Limit,PerpSym,ParallelSym,OrthoNorm,Volume,GraspIt_Volume,GraspIt_Epsilon,Energy,Turk_SuccRate,Pysical_Test,Turk_LikeRate,Turk_SuccCnt,Turk_SuccStderr,Turk_LikeCnt,Turk_LikeStderr
0.718080497,67.29240884,0.246358508,0.0369,0.323721159,0.186478422,0.027783309,1.572903777,0.181304917,8.701684029,0.006029788,13.58783465,0.865384615,1,0.846153846,13,0.165056323,13,0.375533808
0.864875302,49.0660727,0.0031115,0.1723,0.513752165,0.118004276,0.020644229,1.853665876,0.244355244,0.315035316,0.002011192,19.72476465,0.736842105,1,0.947368421,19,0.155315186,19,0.229415734
0.914442048,43.74145219,0.0121355,0.0346,0.500655986,0.165937785,0.219205649,1.750425907,0.212974289,4.304061713,0.002084881,17.96161944,0.691176471,1,0.705882353,17,0.242535625,17,0.469668218
0.757383831,32.79265982,0.103774503,6.66E-16,0.532441502,0.134650924,0.189005518,2.951006703,0.084357309,0.21895623,0,33.64882872,0.522727273,0,0.727272727,11,0.305256971,11,0.467099366
0.790337554,45.19975807,0.047289502,0.1769,0.480602463,0.199224368,0.312023474,1.562338852,0.080650388,0.239604125,0,41.29535797,0.267857143,1,0.071428571,14,0.267902926,14,0.267261242
0.90547232,27.87340878,0.089258002,1.344,0.558770278,0.086522685,0.296842632,1.650709315,0.204680594,2.470140796,5.78E-05,23.23917256,0.541666667,1,0.166666667,6,0.24579802,6,0.40824829
0.896690242,42.87565368,0.044958501,0.263,0.531486573,0.123880123,0.017768775,2.994503414,0.153313379,0.361504082,0.002116386,32.69298445,0.65,1,0.7,10,0.268741925,10,0.483045892
0.852634182,29.77488885,0.151615505,1.5534,0.551267259,0.086899237,0.369446454,2.269678075,0.083899947,0.588105454,0,39.12139019,0.33,0.9,0.28,25,0.303795436,25,0.458257569
0.850607217,33.8186929,0.002502,0,0.515662024,0.123681063,0.186730471,3.132990384,0.202340399,0.169473642,0.001666789,17.92848585,0.597222222,1,0.666666667,18,0.229110956,18,0.48507125
0.813006932,54.047783,0.0105245,0.282546,0.50120166,0.12772298,0.126935053,1.7075231,0.24465464,1.212455004,0.004130467,19.18263942,0.691176471,1,0.823529412,17,0.225856214,17,0.392952624
0,0,0.392773512,0,0.42071473,0.193038163,0.199106701,1.763284405,0.13707227,0.451912749,0,31.92195305,0.597222222,1,0.888888889,18,0.298758324,18,0.323380833
0.751908914,34.46858021,0.0083315,0,0.508431842,0.126916699,0.209807747,1.484838676,0.190374304,0.216810936,5.60E-06,17.6437534,0.642857143,1,0.5,14,0.254087464,14,0.518874522
0,0,0.428793514,0,0.185665612,0.166848789,0.196084491,1.325688221,0.17996421,3.466262803,0,22.087609,0.634615385,1,0.769230769,13,0.219264505,13,0.43852901
0.883975333,50.82617693,0.029346001,0.1056,0.487832645,0.142369554,0.167210384,1.584417757,0.148641044,0.402221943,0,26.76970452,0.666666667,1,0.777777778,18,0.226871303,18,0.427792632
0.881616382,46.75790672,0.0003185,0.1162,0.508159005,0.123110157,0.154976209,1.460891444,0.174294603,0.431920734,0.003260546,21.64182174,0.615384615,1,0.769230769,13,0.316481052,13,0.43852901
0.773357972,30.72449219,0.145270504,2.22E-16,0.471871677,0.117885329,0.016037074,1.576869212,0.177394752,0.284421358,0,27.01329821,0.545454545,1,0.636363636,11,0.269679945,11,0.504524979
0.917862307,43.81942764,0.024576501,0.0932,0.524938484,0.128527034,0.097930674,1.530564547,0.207609757,0.277212816,6.95E-05,18.36008071,0.778846154,1,0.884615385,26,0.16320115,26,0.325812594
0,0,0.074719503,0.09999,0.218542477,0.176920691,0.135904546,1.574968967,0.399851811,8.077116339,0,22.22831942,0.714285714,0.6,0.785714286,14,0.165748386,14,0.425815314
0.901442438,45.13411941,0.0012065,0.0695,0.507340494,0.118146964,0.097517659,1.531375073,0.18379687,0.324922226,0.003117504,20.73484641,0.590909091,1,0.636363636,11,0.301511345,11,0.504524979
0.841879766,34.0304249,0.0011765,0,0.512933654,0.134107836,0.132545222,1.640511635,0.21992389,0.195564338,0.001533857,17.57506891,0.775,1,0.8,10,0.248607232,10,0.421637021
0.854319687,29.65458071,0.085689503,0,0.487969064,0.129471781,0.062775952,3.071722912,0.182416767,0.246242153,0.000185675,25.4578896,0.71875,1,1,8,0.160217486,8,0
0.82192941,54.0205063,0.000134,0.3,0.505567053,0.139487117,0.14187926,1.551465785,0.318793474,0.39694656,0.003501534,17.96557178,0.75,1,0.866666667,15,0.231455025,15,0.351865775
0.847427018,50.58234926,5.55E-05,0.19415,0.508295424,0.12145609,0.106650767,1.608177865,0.264874994,0.35314674,0.003456857,19.52409376,0.692307692,1,0.692307692,13,0.291437639,13,0.480384461
0,0,1.147240534,0.2,0.431764631,0.14304549,0.281533555,1.567981189,0.211375454,0.969520392,0,28.44024278,0.446428571,1,0.357142857,14,0.26272557,14,0.497245158
0.861263567,33.63631187,0.0042815,0,0.517571884,0.121755738,0.05052258,1.75195755,0.194416531,0.253627274,0.001642139,18.40747184,0.727272727,1,1,11,0.284045451,11,0
0,0,0.0150795,0.04,0.204218532,0.250000028,0.077177221,1.699945965,0.333847471,5.769832492,0,23.40606372,0.729166667,0.7,0.666666667,12,0.198240365,12,0.492365964
0.850595577,51.63986413,0.029908501,0.159,0.491515945,0.137448525,0.013292871,1.49543816,0.280595269,0.457655564,0.000277222,17.90075211,0.797619048,1,0.857142857,21,0.187400767,21,0.358568583
0.819708745,44.27600168,0.014792,0.4617,0.510887376,0.094272524,0.157286803,1.692757977,0.237813092,0.230075604,0.000413933,23.03276395,0.4375,1,0.25,12,0.339200263,12,0.452267017
0,0,0.315618512,0.0899,0.217587548,0.048555662,0.02123205,1.699946028,0.070322061,0,0,38.65391734,0.428571429,0.9,0.428571429,7,0.237797433,7,0.534522484
0.658024714,112.2875521,0.034480501,0,0.33477106,0.307122066,0.026951584,1.650659137,0.261701637,0.981305154,0.00171392,26.66500153,0.730769231,1,0.846153846,13,0.189888631,13,0.375533808
0.647014227,43.37732695,0.572305519,0.49626,0.449771877,0.121947989,0.192690352,2.821280478,0.359941011,6.417268143,0.000300329,30.24033652,0.35,1,0.1,10,0.293446948,10,0.316227766
0.665516701,107.3449282,0.070125503,0,0.302167033,0.239816579,0.228449593,1.699945997,0.202477349,1.707725569,0.004934301,25.8339428,0.6,1,0.6,20,0.235081173,20,0.50262469
0.67043553,108.3510722,0.015522,2.22E-16,0.363009695,0.13826986,0.10841608,1.567328903,0.106585665,1.14798382,0,41.38472578,0,0.2,0,25,0,25,0
0.694550267,136.3214917,0.046525501,0.06424,0.29875657,0.261676813,0.263722166,1.638034847,0.264126616,1.093914852,0.002323679,29.51811241,0.671875,0.5,0.625,16,0.25361963,16,0.5
0.748792362,154.2740174,0.0009485,0.0793,0.339136453,0.176669524,0.150676141,1.570795174,0.369633699,7.856135095,0.00300401,22.49028413,0.703125,1,0.625,16,0.227646473,16,0.5
0.789921616,160.9806181,0.036974001,0.1566,0.249509483,0.11785493,0.16039275,1.570795456,0.413057742,59.27585636,0.00485564,20.0739043,0.770833333,1,0.916666667,12,0.225084159,12,0.288675135
0.791425254,195.4485182,0.0057785,0.161,0.316900233,0.242375023,0.063030534,1.454231493,0.287394944,2.69435405,0.006703466,29.24162206,0.722222222,1,0.555555556,18,0.240845461,18,0.511309993
0.662728922,99.17512456,0.0061145,2.22E-16,0.321538463,0.099944687,0.024900546,1.484701638,0.266202695,14.61987385,0.001882458,21.49345342,0.886363636,1,0.909090909,11,0.130558242,11,0.301511345
0,0,0.275576008,0,0.306805263,0.223615566,0.044278181,1.433883158,0.256806722,10.38838334,0,20.25107228,0.795454545,1,0.727272727,11,0.218465724,11,0.467099366
0,0,0.030426502,0.007,0.262605661,0.104629937,0.109851427,1.65889817,0.342973999,18.4246627,0,22.06562909,0.840909091,1,0.909090909,11,0.168549966,11,0.301511345
0,0,0.712658014,0.077,0.335316732,0.221313032,0.049473174,1.659915768,0.250760523,62.90991101,0,18.33184246,0.698275862,0.9,0.586206897,29,0.204626296,29,0.501230014
0,0,0.666244521,1.25476,0.299575081,0.186052651,0.059092476,1.5707927,0.42220126,3.006095802,0,26.7054929,0.71875,1,0.3125,16,0.256173769,16,0.478713554
0.829411857,33.56832472,0.018591501,0,0.522892206,0.118526334,0.080227571,1.540090349,0.141350755,0.218932,0.000689755,21.17551365,0.764705882,1,0.764705882,17,0.206734058,17,0.437237316
0,0,0.0009195,0,0.16001893,0.372707787,0.093133694,1.547993136,0.261692053,0.714359781,0,25.2455345,0.675,1,0.9,10,0.168737139,10,0.316227766
0.619728673,67.13609283,0.861900528,0.17619,0.35700728,0.166679652,0.119570389,1.548969129,0.189885007,1.985628684,0,24.78788868,0.384615385,0,0.230769231,13,0.299572345,13,0.43852901
0.784640205,165.562129,0.0115505,1.42516,0.398478512,0.353810978,0.089425309,1.570793673,0.481290882,2.918792384,0.002721446,31.09908538,0.705882353,1,0.647058824,17,0.282777714,17,0.492592183
0.917195429,38.45628779,0.0015125,0,0.515525606,0.159418245,0.074444033,1.91339954,0.140308587,0.334440762,0.003080415,26.97275413,0.725,1,0.7,10,0.218898759,10,0.483045892
0.853038879,33.911347,0.001896,0,0.506658401,0.218281605,0.072014462,1.639992694,0.072593741,0.169124296,0.001623469,32.18335084,0.65,0.9,0.9,10,0.210818511,10,0.316227766
0,0,2.81E-31,3.159045946,1.14E-16,0.499871624,0.499797751,1.589824514,7.05E-09,0,0,34.24257755,0.071428571,1,0,7,0.121987509,7,0
0,0,0.896424528,0.5099,0.309124377,0.118791653,0.143241028,1.648943568,0.436324967,2.416590431,0,25.58732361,0.384615385,0,0.230769231,13,0.299572345,13,0.43852901
0.850620922,32.36256675,0.109551504,0,0.539671684,0.121215491,0.084080094,1.631893018,0.226534517,0.271578526,0,18.72115264,0.596153846,1,0.615384615,13,0.280224269,13,0.506369684
0.749323152,52.10586587,0.481449515,1.6318,0.487286971,0.223985653,0.17940423,1.955299548,0.178240602,2.228431584,0,32.16945692,0.5,0.8,0.230769231,13,0.288675135,13,0.43852901
0,0,0.425073514,0.07923,0.202035835,0.177829316,0.075390994,1.856672633,0.240101969,13.76617748,0.000363595,23.80378177,0.734375,1,0.8125,16,0.170018381,16,0.403112887
0.677989681,125.7109625,0.0010085,0.05215,0.320583534,0.154116456,0.336243166,1.57195179,0.10421722,1.80197179,0.000713634,40.97066779,0.25,1,0.066666667,15,0.163663418,15,0.25819889
0.634703746,87.2569598,0.251445508,0,0.367647924,0.035592483,0.240136927,1.253025592,0.168181916,3.041615495,0.00154529,32.42441003,0.445652174,1,0.391304348,23,0.260643018,23,0.499010879
0,0,0.044498001,0.04768,0.217178292,0.105739452,0.12587376,1.585740475,0.307272854,21.74297156,0,20.04678646,0.653846154,1,0.692307692,13,0.240192231,13,0.480384461
0.662967448,100.7238725,0.027579501,0,0.303940474,0.223599688,0.011320311,1.564892272,0.27724176,14.95449943,0.002478708,21.57494828,0.6875,1,0.75,8,0.221601315,8,0.46291005
0,0,0.035745501,0,0.230547308,0.176800908,0.12437187,1.570794857,0.268338457,6.664353576,0,20.26804594,0.7375,1,0.8,20,0.262515664,20,0.410391341
0,0,0.614445517,0.377,0.287433832,0.18810474,0.246261493,1.641201276,0.493186958,6.559834855,0,24.56655114,0.455882353,1,0.235294118,17,0.35614356,17,0.437237316
0,0,0.539964516,0,0.178708268,0.181947284,0.158827754,1.732400553,0.336109878,1.98784652,0,24.08914053,0.571428571,0.9,0.5,14,0.228468383,14,0.518874522
0.647698266,100.6828764,0.0034385,9.68E-14,0.324266834,0.331867118,0.204794575,1.361849161,0.198275619,1.195093964,0,22.27702033,0.5625,1,0.5,24,0.278290589,24,0.510753918
0.8079765,41.05595861,0.030066,3.51E-14,0.507067657,0.153417444,0.035917806,1.496692987,0.132421221,0.255163149,0,26.57322189,0.711538462,0,0.846153846,26,0.280109869,26,0.367946484
0.86669708,200.2573578,0.0231995,1.357,0.38197187,0.305208449,0.007044896,1.570793673,0.500125633,2.487199533,0.005085497,27.10763272,0.705882353,0.9,0.529411765,17,0.237751415,17,0.514495755
0.663506713,109.5938323,0.001032,0.000976563,0.324130415,0.350464302,0.034381038,1.570687344,0.003478508,0.813175633,0.002941643,46.84204874,0.176470588,0,0.117647059,17,0.192935908,17,0.332105582
0.834942729,38.94963038,0.107689503,0.00365,0.462049544,0.224749075,0.220503138,1.52215401,0.067981879,5.046924504,0,17.6992279,0.390625,1,0.4375,16,0.302334666,16,0.512347538
0.815054802,73.07558453,0.006432,0.3956,0.479238278,0.230681958,0.006550462,1.503492172,0.115217987,7.867043371,0.004189835,18.93195654,0.642857143,1,0.714285714,14,0.289467112,14,0.468807231
0,0,2.003114062,0.034589,0.542945729,0.325683626,0.06483057,1.637438256,0.026268711,0.181358726,0,46.99027519,0.365384615,0,0.384615385,13,0.316481052,13,0.506369684
0,0,1.268121129,0.13366,0.673424716,0.1296205,0.389921369,2.963761999,0.014677836,0.001221152,0,44.06431172,0.375,0,0.6,10,0.270030862,10,0.516397779
0.836283623,37.87780652,0.022509501,2.22E-16,0.496563431,0.200921358,0.010188811,1.508250224,0.058833166,8.796663307,0.000228723,21.5925158,0.660714286,1,0.928571429,14,0.232195683,14,0.267261242
0.879139914,58.91124723,0.050823502,0.3154,0.505976309,0.139486609,0.286195444,1.557330977,0.101814697,6.032547045,0,17.82769797,0.55,1,0.4,10,0.307318149,10,0.516397779
0.887895565,62.45096481,0.0003435,0.263,0.494380734,0.252988913,0.070068048,1.586694067,0.042322188,0.51006932,0.003882542,31.91201146,0.430555556,1,0.611111111,18,0.254453792,18,0.501631326
0.823797616,55.65825299,0.0136185,0.8027,0.506658401,0.232360112,0.315758479,2.778380449,0.060546542,0.303314209,0,31.95937977,0.366666667,1,0.2,15,0.325503273,15,0.414039336
0.808138443,35.9937679,0.100566002,0,0.52712118,0.124768363,0.197254386,3.014656332,0.057984099,0.281728655,0,19.87737948,0.632352941,1,0.882352941,17,0.156066068,17,0.332105582
0.854853535,62.28125293,0.0061845,0.2808,0.493562223,0.132801509,0.081205437,1.541579656,0.114644096,0.528586596,0.002843202,17.98248595,0.75,1,0.7,10,0.166666667,10,0.483045892
0.725013976,41.75428391,0.0250335,0,0.498882545,0.236387158,0.082419894,1.244612859,0.038265499,0.226070192,0,29.16613309,0.5,1,0.727272727,11,0.370809924,11,0.467099366
0.858593622,371.0045046,0.104904503,0.383,0.134372247,0.199716708,0.06841862,1.391076863,0.090555917,20.87520531,0.00056456,25.04622496,0.421875,1,0.25,16,0.25361963,16,0.447213595
0.936783774,57.36795877,0.0028365,0.1327,0.487832645,0.198579378,0.135642493,1.609773724,0.049068094,0.447725008,0.000485807,26.92141645,0.678571429,0.5,0.857142857,14,0.267261242,14,0.36313652
0,0,0.910667188,2.22E-16,0.637273807,0.349522168,0.109040695,1.415660512,5.89E-05,0.000586807,0,50.0792095,0.034090909,0.9,0.045454545,22,0.087812522,22,0.213200716
0.891200831,60.07446085,0.0012065,0.20289,0.491243108,0.130018371,0.095015914,1.481342257,0.108057155,0.555619011,0.003966483,17.39395331,0.697368421,1,0.842105263,19,0.196831629,19,0.374634325
0.842802105,39.1535016,0.0076565,0,0.505976309,0.16758667,0.084851521,1.650281154,0.05058194,0.223430273,0.001366477,20.405267,0.5,1,0.555555556,9,0.330718914,9,0.527046277
0,0,1.944458445,0,0.466068558,0.354258323,0.440642159,3.071163112,5.47E-13,9.21E-05,0,44.35087535,0,0,0,4,0,4,0
0.859567336,36.63128916,0.0010995,0,0.501338079,0.129024261,0.105052967,1.539674252,0.072202842,0.229722497,0.002487794,16.97064036,0.708333333,1,0.833333333,12,0.257464325,12,0.389249472
0.847543332,68.23125021,0.011193501,0.3,0.480329626,0.129878495,0.07493877,1.567991311,0.116046107,0.639045704,0.00303954,17.49850651,0.589285714,1,0.785714286,14,0.232195683,14,0.425815314
0,0,0.0014,0,0.043244673,0.380349595,0.230503196,1.607342436,0.000541034,0.32070211,0,16.9523726,0.681818182,1,0.363636364,11,0.196561348,11,0.504524979
0.694044218,42.19148068,0.0094245,0.00433,0.487014134,0.119112583,0.235621436,2.771668416,0.064691812,0.211269963,0.000422226,23.35488202,0.583333333,1,0.916666667,12,0.268271685,12,0.288675135
0.791766456,226.9855873,0.151534505,0.2715,0.126869229,0.289371591,0.165832859,1.732400553,0.031675264,19.0726573,0.006978729,20.07309128,0.647058824,1,0.764705882,17,0.266030184,17,0.437237316
0.895513301,229.3124158,0.433864514,1.124,0.143648707,0.213617693,0.109457814,1.544701657,0.154593167,96.48877922,0,16.67710812,0.472222222,1,0.333333333,9,0.403973321,9,0.5
0.90678282,54.93301016,0.026508501,0.239,0.509386772,0.189286387,0.124003474,2.052166842,0.076442945,0.418804036,0.001277095,22.77874828,0.675,0.8,0.9,10,0.264837476,10,0.316227766
0.941488393,51.5552533,0.010658001,0.0669,0.50679482,0.135021426,0.073731797,1.674538742,0.089368228,0.366058161,0.001396604,17.41133076,0.5,1,0.466666667,15,0.313391585,15,0.516397779
0.615765813,129.2114403,0.011938501,0,0.217723966,0.15920464,0.138388833,1.472615487,0.028050121,1.828385071,0.002782688,32.71385114,0.588235294,0,0.705882353,17,0.26429707,17,0.469668218
0,0,0.586362519,0.521,0.459321173,0.171491413,0.347332339,2.721814796,0.060352414,0.750378688,0,39.5885062,0.525,1,0.9,10,0.248607232,10,0.316227766
0.630355028,101.8172875,0.111798003,0,0.144057963,0.278753489,0.078487046,2.147340194,0.039608547,33.41905128,0.001319263,21.44771773,0.458333333,0,0.555555556,18,0.300122524,18,0.511309993
0,0,0.0073955,0,0.065617311,0.221386198,0.00521923,1.453494557,0.073041138,11.49930012,0,11.61192071,0.673076923,1,0.846153846,13,0.213712604,13,0.375533808
0,0,0.147453505,0.0314,0.16192879,100,100,2.505488579,0,0,0,52.11281181,0,0,0,6,0,6,0
0.652694761,120.155689,0.0066185,0.0464,0.195487746,0.223300546,0.013955898,1.634741992,0.004695868,3.750199436,0.000681846,25.16531022,0.711538462,1,0.692307692,13,0.138675049,13,0.480384461
0.755126045,57.82353237,0.0278145,0.245,0.473099444,0.161950522,0.064327555,1.657035619,0.078709007,0.507807604,0.001015594,21.38772034,0.583333333,1,0.666666667,15,0.224933853,15,0.487950036
0.882333471,58.23236546,0.017912001,0.1484,0.482375904,0.143704145,0.02032108,1.536310047,0.105080014,0.479671419,0.002624974,17.86976801,0.517857143,1,0.571428571,14,0.267902926,14,0.513552591
0,0,0.0091595,0.004,0.101222546,0.353627562,0.041872803,1.471097619,0.061320307,10.44109437,0,13.63248263,0.666666667,1,0.583333333,12,0.268271685,12,0.514928651
0.605713744,95.16019913,0.015038001,2.22E-16,0.153743678,0.202109262,0.055270157,1.57081208,0.066116916,6.283480488,0.002666289,18.42160942,0.777777778,0.9,0.777777778,18,0.307849382,18,0.427792632
0,0,0.049815502,0.3,0.050065599,0.252003753,0.020543992,1.584066297,0.089016884,0,0,11.02055267,0.75,1,0.5,10,0.288675135,10,0.527046277
0.799047834,352.3316934,0.330632011,1.8187,0.147877682,0.135403652,0.119803607,1.676573021,0.139795654,15.40017084,0,19.90809967,0.583333333,1,0.555555556,9,0.216506351,9,0.527046277
0.891814328,62.38954826,0.0032255,0.2165,0.487969064,0.142383491,0.148865276,1.521760433,0.0975888,0.536321795,0.00335401,18.99687528,0.611111111,1,0.777777778,9,0.30900827,9,0.440958552
0,0,2.980365792,0.0067,0.666939504,0.357555022,0.237005632,1.662560703,0.012355032,0,0,43.68377452,0.230769231,0,0.153846154,13,0.259437261,13,0.375533808
0,0,0.239025507,0.3603,0.113090958,0.216944209,0.295043949,1.439248661,0.10771374,25.90451569,0,26.60858874,0.461538462,1,0.461538462,13,0.320256308,13,0.518874522
0.794837048,78.35081238,0.015949501,0.4667,0.475554978,0.182065607,0.044961716,1.585713175,0.095352553,0.737027806,0.003618098,23.58734468,0.71875,1,0.875,8,0.247757802,8,0.353553391
0.81261083,72.54263925,0.0248235,0.3525,0.473508699,0.214600125,0.070340314,1.723391248,0.070301158,0.624918166,0.002701598,28.04640134,0.625,1,0.75,16,0.223606798,16,0.447213595
0.78812364,72.83212201,0.037980501,0.4605,0.483467253,0.265563739,0.208179703,1.611116626,0.045377067,0.794995887,0.00105452,33.59471989,0.342105263,1,0.315789474,19,0.266282618,19,0.477566933
0.961316092,50.64924682,0.032078001,0.0185,0.510614539,0.1384945,0.063958603,1.535447034,0.090826562,0.418733919,0,16.78325353,0.6875,1,0.833333333,12,0.241326825,12,0.389249472
0.766905227,46.21334249,0.0135105,0.1341,0.497654779,0.189146484,0.123262925,1.408454511,0.051949993,0.283228139,0.001330828,26.32599609,0.660714286,1,0.642857143,14,0.232195683,14,0.497245158
0,0,2.339169319,2.094,0.438921272,0.295775805,0.079525229,1.791956846,0.023749579,0.013725782,0,45.62483416,0.041666667,0,0,6,0.102062073,6,0
0,0,0.062766502,0.0893,0.085261578,0.372724608,0.058795258,1.625919973,0.019082555,1.907786685,0,20.73878008,0.615384615,1,0.692307692,13,0.332531086,13,0.480384461
0,0,0.851158525,0.1299,0.403116741,0.339988137,0.184333539,2.185499898,0.018245107,5.382927177,0,43.34893793,0.265625,1,0.25,16,0.309148697,16,0.447213595
0.796022085,38.77044789,0.010129501,0,0.485377112,0.215027363,0.212063038,3.072599797,0.073335516,8.042689665,0.001213818,16.8065474,0.636363636,1,0.818181818,11,0.359924234,11,0.404519917
0.897158788,39.23217653,0.0022505,0,0.493698642,0.139433092,0.091625132,1.474431054,0.073168271,0.246672839,0.002152718,17.65118094,0.583333333,1,0.6,15,0.261634059,15,0.507092553
0.868086609,36.9371854,0.456066514,0.1839,0.537625407,0.134932683,0.371185082,2.814387773,0.052725088,11.78925735,0.006299722,31.87806436,0.3125,1,0.5,8,0.258774585,8,0.534522484
0,0,0.057438501,0.445253749,0.07680363,0.374805688,0.011540738,1.463483619,7.28E-13,5.385168609,0,11.93075324,0.772727273,1,0.545454545,11,0.207802354,11,0.522232968
0,0,0.125263504,-2.22E-16,0.136282107,0.204128589,0.063101495,2.069150155,0.071513669,8.938761295,0,28.87594953,0.625,0.4,0.571428571,14,0.213712604,14,0.513552591
0.421166426,14.14232522,0.079448002,2.877305792,0.568592412,0.476844063,0.009001719,1.829104754,0.032175795,0.665799834,0,13.74482389,0.5125,1,0.6,20,0.30859401,20,0.50262469
0.855652113,67.01591506,0.0043895,0.30515383,0.48551353,0.119929918,0.159451782,3.071031267,0.114826301,0.524679792,0.003367749,18.36317745,0.525,1,0.7,20,0.279802562,20,0.470162346
0,0,0.0220155,0.051920245,0.087989949,0.391016276,0.221679162,1.362442319,0.048747141,17.37551782,0,9.816391952,0.526315789,1,0.526315789,19,0.310630372,19,0.512989176
0.264250572,19.49229578,0.518818518,2.288639145,0.325767438,0.108115294,0.477212089,1.433786793,0.028078734,0.881091796,0,31.06401948,0.116666667,0,0.066666667,15,0.159985118,15,0.25819889
0.253524366,3.42866104,0.034944001,0.00365,0.629435074,0.058641258,0.006523058,1.793051071,0.039662063,10.18661774,0,34.15889303,0.865384615,1,1,13,0.281650356,13,0
0.009873764,0.116541875,0.0009015,0.1152,0.694915966,0.152261033,0.182863101,1.503492172,0.050204357,3.27E-05,0,24.90340408,0.821428571,1,1,7,0.188982237,7,0
0,0,0.243744008,0.0346,0.535306291,0.083622556,0.136580212,1.52039797,0.042807452,1.62276751,0,31.90306791,0.666666667,1,0.666666667,6,0.25819889,6,0.516397779
0.814137458,39.82648028,0.369285509,0.1336,0.471326003,0.065035542,0.315059666,1.547880932,0.072291385,5.587725792,0,42.78870372,0.589285714,1,0.571428571,14,0.303934818,14,0.513552591
0,0,0.0136295,0.235,0.723291018,0.052357126,0.086458527,1.616105925,0.044661896,0.144060882,0,27.09375581,0.875,1,1,10,0.131761569,10,0
0,0,0.297818009,0.144,0.548266052,0.054152825,0.070677684,1.534341655,0.053752295,1.82690031,0,36.34830395,0.652777778,1,0.777777778,18,0.273039656,18,0.427792632
0.870309844,64.73480724,0.0231045,0.802,0.522210113,0.155409897,0.424899543,2.649096961,0.057825985,3.186492259,0,37.34954822,0.5375,0.6,0.35,20,0.272355708,20,0.489360485
0.073579884,0.834309606,0.0053195,0,0.711013351,0.151473424,0.026568721,1.708768118,0.047513057,0.000871768,0,18.23001534,0.886363636,1,0.909090909,11,0.303389938,11,0.301511345
0.013605083,0.18329424,0.0147935,0.286,0.662721194,0.100631374,0.046390225,1.495998863,0.054081337,2.438643603,0,25.92160255,0.916666667,1,0.666666667,9,0.125,9,0.5
0.364178254,3.788699105,0.0005705,2.22E-16,0.751120397,0.149286441,0.035240639,1.533803334,0.041060381,0.007140019,0,16.3790155,0.763888889,1,0.833333333,18,0.234398828,18,0.383482494
0.346090776,5.539399384,0.021237501,0,0.62970791,0.146204119,0.246669082,1.204153427,0.046375409,0.038047267,0,24.30217086,0.720588235,1,0.529411765,17,0.195303309,17,0.514495755
0.723554458,19.55104728,0.0271685,0.183,0.552222189,0.128187907,0.129713329,1.354823209,0.047707749,0.311788447,0,31.18996604,0.589285714,1,0.571428571,14,0.287682097,14,0.513552591
0,0,0.348084511,0.1273,0.495335664,0.055786354,0.017077264,1.524701171,0.060737021,0.446849017,0.001570833,37.86515733,0.692307692,1,0.692307692,13,0.253184842,13,0.480384461
0.097392913,1.167704571,0.0074915,1.55E-15,0.705010936,0.151500664,0.254913553,1.740044144,0.049092412,0.002697492,0,19.64339914,0.75,1,0.733333333,15,0.283473355,15,0.457737708
0.284281922,3.265036337,0.0030395,0.1138,0.725473715,0.149884264,0.116121194,1.681507051,0.051116583,0.006154063,0,18.8666937,0.888888889,1,0.944444444,18,0.127827498,18,0.23570226
0.864345964,21.39670346,0.0013205,0.006,0.551812933,0.114622318,0.034467613,1.649021488,0.032538679,0.117263124,0,28.25814012,0.704545455,1,0.772727273,22,0.239498032,22,0.428932027
0.833027178,31.79768121,0.01115,0,0.511296631,0.06783571,0.037675606,1.340554202,0.009175095,0.206246527,0,48.05312115,0.30952381,0,0.19047619,21,0.248806676,21,0.402373908
0,0,0.048591502,0,0.390156981,0.105151981,0.5,2.989414166,0.060147517,0.301567079,0,31.18607808,0.666666667,1,0.5,12,0.221906341,12,0.522232968
0.196075759,2.157679368,0.000258,0.095,0.727247156,0.151507199,0.056879865,1.606059446,0.050730387,0.001606373,0,25.30439468,0.903846154,1,1,13,0.126592421,13,0
0.096121661,1.083504601,0.001256,0,0.713468885,0.126640403,0.12527402,1.448754679,0.037878857,0.179162908,0,19.80939526,0.923076923,1,0.846153846,13,0.120096115,13,0.375533808
0.186664061,2.051259242,0.0001295,0,0.723836693,0.124193853,0.114766756,1.66261349,0.041936706,0.225962455,0,16.44126751,0.944444444,1,0.888888889,9,0.110239638,9,0.333333333
0.214093458,2.332693086,0.0005255,4.44E-16,0.74252603,0.151040576,0.039760701,1.52371788,0.046315309,0.006687952,0,26.87569898,0.931818182,1,0.909090909,11,0.116774842,11,0.301511345
0.214461698,1.965735273,0.0004875,0.0334,0.752211746,0.151557604,0.023059911,1.530803189,0.045696985,0.003170189,0,18.8135968,0.839285714,1,0.928571429,14,0.158330923,14,0.267261242
0.27682852,3.151466357,0.0021125,0.0713,0.71387814,0.111323436,0.05184486,1.486066351,0.040124584,1.225911977,0,32.33906273,0.9375,1,0.833333333,12,0.113066754,12,0.389249472
0.551703921,9.193805446,0.0036555,0.0022,0.624524007,0.143196431,0.057153044,1.590330945,0.036715688,0.044921053,0,33.6650308,0.805555556,1,0.888888889,18,0.278593573,18,0.323380833
0,0,0.053076501,0.333,0.484831437,0.10464628,0.238674515,2.542436766,0.114852764,0.595477122,0,37.52319854,0.475,0.7,0.2,10,0.29930475,10,0.421637021
0.496641261,3.792946293,0.0023555,0,0.744708727,0.112565677,0.095417071,1.567040723,0.044243781,1.130612517,0,15.51664488,0.883333333,1,0.933333333,15,0.159985118,15,0.25819889
0.091583771,1.194080407,0.0157745,2.22E-16,0.681274113,0.151507719,0.224963389,1.826609526,0.041809576,0.002510786,0,20.42815347,0.916666667,1,0.916666667,12,0.123091491,12,0.288675135
0.77289576,14.189787,0.33201351,0.164,0.615247547,0.056681238,0.120066487,1.682887718,0.024557032,0.213380112,4.05E-05,48.99294651,0.25,1,0.125,16,0.241522946,16,0.341565026
0.573564043,7.747549603,0.117387502,0.0066,0.620567869,0.088496162,0.07761673,1.646664822,0.031073507,0.652473117,0,31.76051236,0.602272727,1,0.727272727,22,0.263437565,22,0.455842306
0.266869546,3.07522973,0.0178895,0.058,0.690959828,0.067245129,0.198376336,1.520058024,0.039139971,5.92276889,0,19.04994958,0.85,1,0.733333333,15,0.227564747,15,0.457737708
0,0,0.29031051,0.145,0.528212528,0.065556122,0.011071958,1.433627078,0.055733221,1.905973157,0,39.29785477,0.694444444,1,0.888888889,9,0.300462606,9,0.333333333
0.194464434,2.192974014,3.15E-05,0,0.732976734,0.151462637,0.074802463,1.579178019,0.045779394,0.002106148,0,25.53469676,0.909090909,1,1,11,0.126131245,11,0
0.350178013,3.644335085,0.002366,2.22E-16,0.742116775,0.122801825,0.040393756,1.583615558,0.047437477,0.206410541,0,28.48588042,0.941176471,1,1,17,0.109309329,17,0
0.287427601,3.25577034,0.0032235,2.22E-16,0.719880555,0.120989379,0.160846635,1.471332635,0.043397255,0.295231145,0,21.86785089,0.75,1,0.333333333,3,0,3,0.577350269
0.279095726,2.968878614,0.050162001,0.19,0.680864857,0.061914441,0.025486358,1.608990099,0.049654389,5.544558965,0,26.1904089,0.807692308,1,0.923076923,13,0.231702174,13,0.277350098
0,0,0.013958,0.214,0.710331259,0.15148179,0.115251591,1.483030048,0.052143742,2.99E-06,0,21.20564228,0.923076923,1,0.923076923,13,0.213712604,13,0.277350098
0.775771145,46.25929396,0.0039605,0.1136,0.50038315,0.163024293,0.432999785,3.034946282,0.02066173,0.818409526,0,36.40194232,0.652777778,1,0.5,18,0.273039656,18,0.514495755
0,0,0.554238517,0.08,0.592874909,0.051158446,0.119431372,1.429563114,0.036942594,0.192735661,0.000967064,44.88659849,0.565789474,1,0.473684211,19,0.351999302,19,0.512989176
0.229023763,2.198536049,0.0115235,0.0123,0.72042623,0.067793158,0.074970107,1.523326696,0.046583081,0.933137596,0,18.99237692,0.85,1,0.933333333,15,0.158113883,15,0.25819889
0,0,0.079538002,0.465,0.536670477,0.071895781,0.321711735,3.072043087,0.084943715,0.355441053,0,33.2021767,0.638888889,0.6,0.666666667,9,0.220479276,9,0.5
0.931752589,17.83201168,0.040708501,0.384,0.556178326,0.089407659,0.354585373,2.977022728,0.054816502,1.209767649,0.002326344,31.37082688,0.4375,1,0.625,8,0.291241186,8,0.51754917
0.982276171,19.91096986,0.0018305,0.296,0.544855588,0.003039484,0.312881294,2.988186733,0.053051827,0.084330606,0.00177515,32.58177109,0.5,1,0.307692308,13,0.306186218,13,0.480384461
0.103677879,1.341038871,0.0049415,0.017,0.67963709,0.151375388,0.071765105,1.392837344,0.041081487,0.005396102,0,26.40982633,0.888888889,1,1,9,0.131761569,9,0
0.213064218,1.359258803,0.011816001,0.137,0.701327636,0.118525837,0.017765586,1.692249971,0.037232866,0.15001881,0,25.74889476,0.85,1,0.8,15,0.184197099,15,0.414039336
0,0,0.093588503,0.088,0.655354593,0.064238754,0.044919815,1.612845311,0.043357418,2.402532233,0,28.61094689,0.946428571,1,1,14,0.106453828,14,0
0,0,0.075276502,0.086,0.677045139,0.100996258,0.107065082,1.487580145,0.035603091,0.061528617,0,17.88816641,0.907894737,1,0.947368421,19,0.123898657,19,0.229415734
0,0,0.013783501,0.227,0.664631052,0.151466478,0.127115345,1.794540977,0.049353305,0,0,25.80284523,0.770833333,1,0.75,12,0.225084159,12,0.452267017
0,0,0.791844524,0,0.526848343,0.15228698,0.201233824,1.812972807,0.041196184,0,0,26.26567075,0.5,1,0.363636364,11,0.273861279,11,0.504524979
0.602630754,9.594380169,0.0013115,0,0.599013743,0.143707541,0.018989167,1.553289129,0.046577031,0.05464885,0,32.89494317,0.821428571,1,0.928571429,14,0.152812461,14,0.267261242
0,0,0.372324511,0.003,0.49574492,0.050582555,0.092806661,1.399204376,0.046027901,2.222922256,0.000386528,36.70291032,0.733333333,1,0.8,15,0.290729788,15,0.414039336
0.849584963,30.17645065,0.046695501,0,0.497381941,0.061308228,0.030321567,1.542732213,0.028251713,0.405045779,0.001392203,44.20440592,0.480769231,1,0.615384615,13,0.330112646,13,0.506369684
0.094871857,1.209630622,0.0104795,0,0.682774717,0.151439795,0.077008585,1.792655308,0.048735493,0.000992264,0,27.36089502,0.910714286,1,0.857142857,14,0.12431129,14,0.36313652
0,0,0.84458249,1.573521992,0.669059323,0.197783954,0.485335142,2.706839636,0.001158499,0,0,44.49772907,0,0,0,3,0,3,0
0,0,2.66011872,2.22E-16,0.626633162,0.101825734,0.085118143,1.798599668,0.033704997,0,0,48.18405237,0.426470588,0,0.176470588,17,0.212218672,17,0.392952624
0.72472619,42.40713,0.0119895,0.065901054,0.4698254,0.08051715,0.424559147,2.924379164,0.023505246,1.03529062,0,38.25425596,0.65,1,0.8,10,0.210818511,10,0.421637021
0,0,0.810650118,2.702304722,0.657736585,0.241464872,0.409526515,2.420178531,0.014075344,0.000281154,0,41.11683161,0.071428571,0,0,7,0.121987509,7,0
0.686248571,95.04868418,0.010536001,0.007,0.372831829,0.043164396,0.164213372,1.8075101,0.094322285,7.93685577,0.000102762,11.98609094,0.625,1,0.541666667,24,0.312771621,24,0.508977378
0.630317241,65.3507678,0.045090501,0,0.346912309,0.118161534,0.085492553,1.640999558,0.082546488,8.517761236,0.007058449,9.698043915,0.772727273,1,0.636363636,11,0.235969952,11,0.504524979
0.848494105,19.24660095,0.222822006,0.0345,0.51975458,0.260691221,0.188931964,1.711317802,0.00275123,0.515268601,0,47.96818209,0.65,1,0.8,15,0.324587651,15,0.414039336
0.721635754,175.434708,0.063896002,0.2931,0.323857578,0.209725144,0.274085845,1.660358132,0.0943236,19.43228251,0.002184394,27.10958006,0.366666667,0,0,15,0.159985118,15,0
0.640313398,19.12928152,0.012448501,0.0225,0.630662841,0.291071525,0.192980766,1.682616195,0.002079578,4.817057745,0.001301129,44.32059036,0.583333333,0,0.833333333,18,0.420084025,18,0.383482494
0.786770371,238.9456139,0.0089645,0.3154,0.271200027,0.105291871,0.201665853,1.777600448,0.141621109,31.31664107,0.0013318,18.58554715,0.557692308,1,0.384615385,13,0.231702174,13,0.506369684
0.886548695,212.8667221,0.194905506,0.263,0.305713914,0.139810903,0.097827636,1.406128995,0.109463035,24.50811707,0.012756937,18.30524323,0.7,0.2,0.4,10,0.25819889,10,0.516397779
0.753533927,187.1400843,0.033301501,0.2892,0.349504261,0.070718093,0.034662146,1.523187063,0.130069445,14.02523159,0,11.77154933,0.611111111,1,0.444444444,18,0.245881102,18,0.511309993
0.638251222,17.73288245,0.0005265,0,0.627798051,0.29497073,0.200028366,1.557283041,0.003130012,7.701087617,0.002698108,41.7759848,0.553571429,1,0.642857143,14,0.297078263,14,0.497245158
0.796331975,251.4578179,0.035376501,0.2825,0.304758985,0.118151443,0.003771384,1.547644216,0.177386685,3.23542573,0,15.24376569,0.546875,0.6,0.5,16,0.245267711,16,0.516397779
0.612216768,115.3991214,0.310329508,2.22E-16,0.273519142,0.020228385,0.239241653,1.502024467,0.093963596,11.02806963,0.004412921,17.65684233,0.25,1,0.058823529,17,0.233853587,17,0.242535625
0.892673065,102.393755,0.0015405,0.13,0.44854411,0.152298549,0.15743207,1.499096327,0.034581376,0.985114162,0,39.70989679,0.3,1,0.1,10,0.197202659,10,0.316227766
0.613328455,102.5707277,0.484802014,0.1826,0.403662415,0.120785618,0.015790285,1.976484245,0.076047416,0.94605297,0,26.33741071,0.215909091,0,0.090909091,22,0.235223482,22,0.294244943
0.850603339,174.2784899,0.026340501,0.1913,0.346503054,0.045369972,0.012806812,1.47732864,0.122131836,2.292614424,0,14.53528595,0.535714286,0.6,0.5,14,0.307863963,14,0.518874522
0.832700923,36.4172122,0.124287504,0,0.551540096,0.244350102,0.11605126,1.684388606,0.00821186,11.62846932,0.000982857,40.4780541,0.477272727,0,0.727272727,11,0.325087401,11,0.467099366
0.677319515,18.88195808,0.028323501,0,0.600650765,0.280323927,0.222601075,1.517026277,0.004134556,6.60491503,0.00126312,39.05292305,0.519230769,1,0.615384615,13,0.330112646,13,0.506369684
0.687502268,86.06250733,0.170055506,2.22E-16,0.320583534,0.127957569,0.169264646,1.556315144,0.069983567,11.64438518,0.011168194,12.83739807,0.775,1,0.8,10,0.184466197,10,0.421637021
0.866080112,163.2700839,0.012678,0.27256,0.385928007,0.168411497,0.000722291,1.464905891,0.143472224,2.131339014,0,10.24957894,0.75,1,0.625,8,0.231455025,8,0.51754917
0.631974089,99.01793545,0.60342052,2.22E-16,0.299029407,0.117728798,0.014496495,1.752477603,0.043436473,20.30184472,0.002151723,26.3596055,0.288461538,0,0.153846154,13,0.138675049,13,0.375533808
0.74936291,75.45306679,0.061656002,0.00419,0.400661207,0.123416526,0.020476078,2.027463788,0.04327348,0.751895497,0,39.5554498,0.134615385,0,0.076923077,13,0.194062506,13,0.277350098
0.659014657,130.9337085,0.079674503,0.04408,0.317036652,0.111544904,0.098848198,1.732400553,0.109375637,4.02529266,0.000100829,14.61037065,0.615384615,0.3,0.384615385,13,0.299572345,13,0.506369684
0.700390407,83.82519062,0.0014895,2.22E-16,0.385518751,0.125089119,0.00492268,1.553984969,0.102536799,1.0739242,0,6.336245459,0.704545455,1,0.545454545,11,0.312613616,11,0.522232968
0.687191372,85.80271202,0.379864511,2.22E-16,0.399433441,0.089950041,0.225882847,1.575167139,0.056545169,3.830501932,0.005527647,20.81262426,0.680555556,0,0.777777778,18,0.268513823,18,0.427792632
0.802610943,122.8143418,0.007262,0.0669,0.378424988,0.173955805,0.092452149,1.598411566,0.132468006,33.78654267,0.014318703,6.049000926,0.75,1,0.538461538,13,0.204124145,13,0.518874522
0.613285391,17.90414635,0.0041955,0,0.647851574,0.299733783,0.173231176,1.610390009,0.001978575,8.333583251,0.002887947,39.63813535,0.807692308,1,1,13,0.149786172,13,0
0.824640088,106.1822421,0.146064505,0.2882,0.45782057,0.139912608,0.088957712,2.503150341,0.067681162,2.454466422,0,34.03960352,0.227272727,0.8,0.181818182,11,0.284045451,11,0.404519917
0.644823779,91.66635577,0.021048,0,0.372422573,0.050366473,0.047768658,1.342997069,0.076277312,3.234620202,0,13.42934654,0.453125,0.7,0.5,16,0.277169473,16,0.516397779
0.676659504,166.372823,0.156243504,0.0596,0.295209688,0.107758876,0.038802443,1.630827424,0.051712691,6.257920636,0.004880219,30.89152421,0.295454545,1,0.090909091,11,0.269679945,11,0.301511345
0.756707562,28.02672695,0.086865502,0.0119,0.537079732,0.232284459,0.054422412,1.857354607,0.005974446,0.507029774,0,39.94323504,0.533333333,0.8,0.533333333,15,0.311486452,15,0.516397779
0.83444395,162.3008649,0.140194505,0.138,0.322084137,0.150111186,0.057749873,1.394699665,0.094727035,19.13876631,0.009747575,15.10859125,0.890625,0.8,0.875,16,0.181859607,16,0.341565026
0.758546546,118.2042987,0.413290513,0.1368,0.40229823,0.094696766,0.022758287,1.556860566,0.069717741,11.41927396,0.008437825,22.77546748,0.375,0,0.375,16,0.273861279,16,0.5
0.698331872,88.17690543,0.036856501,0,0.353596817,0.068911015,0.127991025,1.707967236,0.082407118,5.379416338,0,10.19019256,0.609375,0,0.5,16,0.302334666,16,0.516397779
0.690449476,90.06595321,0.074679503,2.22E-16,0.343638265,0.047035711,0.134132311,1.610242681,0.081514431,1.249902422,0.000543531,12.29127175,0.727272727,0,0.272727273,11,0.175162262,11,0.467099366
0.956699051,248.3151769,0.028509501,0.5853,0.309533633,0.091065011,0.09102742,1.39940915,0.217045654,20.20628568,0.00693887,12.76932944,0.482142857,1,0.071428571,14,0.229218692,14,0.267261242
0.829529385,272.1252738,0.265586008,0.802,0.290844295,0.056182264,0.134876464,1.281578664,0.186029337,13.17150955,0.006117401,23.37814483,0.307692308,0.5,0.076923077,13,0.253184842,13,0.277350098
0.704358086,86.23675188,0.0031415,0,0.377879314,0.177364298,0.062306664,1.466613832,0.073305401,1.024000059,0,7.613465161,0.846153846,1,0.769230769,13,0.240192231,13,0.43852901
0,0,0.840328441,2.22E-16,0.647778033,0.253951011,0.102366099,1.418179069,0.004063688,0.002866686,0,49.26278698,0.407894737,0,0.421052632,19,0.291196363,19,0.507257274
0.748137615,30.10640488,0.112488503,0.1887,0.559588789,0.260892744,0.16018248,1.219223637,0.011971062,16.5897508,0.003000829,41.62935338,0.479166667,1,0.416666667,12,0.327843043,12,0.514928651
0.519966386,141.6532318,0.604648517,0.3603,0.347048727,0.128804488,0.035760619,1.542548711,0.085603266,18.56262411,0,29.24150995,0.333333333,0,0.388888889,18,0.297044263,18,0.501631326
0.832026216,161.2943965,0.041478001,0.1477,0.345820961,0.04911815,0.079376309,1.585000949,0.117120666,3.576039065,0.000129361,13.99778334,0.575,0.6,0.3,10,0.264837476,10,0.483045892
0.832667565,166.9634776,0.048370502,0.2592,0.381835451,0.12043795,0.050558197,1.296809401,0.073988981,4.107958741,0.002059102,27.40456097,0.291666667,0,0.111111111,18,0.246296092,18,0.323380833
0.85879746,166.8236818,0.0012695,0.2343,0.364101043,0.153062788,0.072669356,1.402913881,0.1305811,16.09319666,0.002596276,10.30685959,0.575,1,0.7,10,0.289875452,10,0.483045892
0.443399885,6.638165258,0.0030905,0.0156,0.635437489,0.30272364,0.110152951,1.552314893,0.002736882,4.965213612,0.001995536,37.36404423,0.5,1,0.714285714,7,0.353553391,7,0.487950036
0.728192332,13.29482701,0.0019445,0.1125,0.650170689,0.299668258,0.108183708,1.53776589,0.002685832,1.340134682,0.000645978,39.81139181,0.46875,1,0.666666667,24,0.288478957,24,0.481543412
0.586473948,126.1675103,0.125688505,0.0865,0.296028199,0.130166422,0.01002414,1.507209725,0.07798243,9.350525016,0,15.40863616,0.433333333,0,0.4,15,0.319970237,15,0.507092553
0,0,2.379220243,0.129,0.405225896,0.237967781,0.176478501,1.606816407,1.00E-17,0.000189468,0,44.75418193,0.354166667,0,0.166666667,12,0.327843043,12,0.389249472
0.64965814,116.9123936,0.040080501,4.44E-16,0.323175485,0.160148695,0.132276185,1.454530841,0.032373919,5.397328974,0,36.79220784,0.15625,0.5,0.125,8,0.265165043,8,0.353553391
0.693365777,88.29993531,0.116642003,0,0.33204269,0.076375894,0.199174182,1.614193778,0.073486892,4.228416899,0.000781354,12.65487241,0.696428571,0.8,0.785714286,14,0.26272557,14,0.425815314
0.641974977,115.634205,0.0017405,5.55E-15,0.294391177,0.068010243,0.041731179,1.635702536,0.08017984,6.124337106,0.002780883,20.77176161,0.625,1,0.416666667,12,0.271778653,12,0.514928651
0.700708545,90.62503918,0.093282002,0.0098,0.337635849,0.188338513,0.273926699,1.533247964,0.082740717,16.94417199,0.010579654,10.67781395,0.410714286,0,0.357142857,14,0.270454441,14,0.497245158
0.688518969,96.23167383,0.020709501,0.00654123,0.348549331,0.030361809,0.162848114,1.518904721,0.065021521,1.01120117,0.002294741,19.55701519,0.5,1,0.454545455,11,0.295803989,11,0.522232968
0.639052991,97.78395191,0.366453513,0.01153004,0.323448323,0.095214528,0.016640241,1.935842471,0.08289369,5.215060265,0.001392881,22.53567157,0.525,0.9,0.3,10,0.248607232,10,0.483045892
0.392693652,83.14321847,0.007166,2.38,0.183210079,0.184579124,0.180827831,1.507003656,0.068136614,24.4169174,0,17.3088006,0.25,0,0.090909091,11,0.25,11,0.301511345
0.062744353,8.758901826,0.013958,2.8,0.242824975,0.278915933,0.133285635,1.600955629,0.02047905,0.033152549,0,9.603826539,0.392857143,0,0.357142857,28,0.356348323,28,0.487950036
0.923133124,234.7617253,0.101916503,0.9437,0.364783135,0.178307233,0.155259619,1.536565969,0.065208534,2.704915158,0,40.10775164,0.367647059,0,0.117647059,17,0.294714468,17,0.332105582
0,0,0,0,1,100,100,1.699946028,0,0,0,52.11281181,0,0,NaN,0,NaN,0,NaN
0.893414226,42.00550245,0.0023315,0.028,0.503520775,0.140659805,0.231894668,3.06279119,0.040863861,0.303578788,0,46.6440775,0.513888889,0,0.555555556,18,0.277491683,18,0.511309993
0.900693858,49.69138995,0.0043875,0.115,0.509932446,0.120786224,0.28204979,3.088352173,0.03927852,0.60463145,0.003002345,47.50116473,0.416666667,0.9,0.466666667,15,0.349319066,15,0.516397779
0,0,0.220773507,0.0163,0.411029016,0.194522696,0.006847964,2.882473229,0.114793969,0,0,42.76783269,0.484375,0,0.5,16,0.295363477,16,0.516397779
0,0,1.159712319,0.133,0.591027927,0.388137726,0.13727675,2.68057164,0.029266866,0,0,49.46075626,0.307692308,0,0.384615385,13,0.340860525,13,0.506369684
0.804488247,56.29456439,0.061334001,0.235,0.483057997,0.131863764,0.113510825,3.102317889,0.09618648,0.809690719,0.00170907,44.03714278,0.660714286,0,0.714285714,14,0.270454441,14,0.468807231
0.910677339,42.37412934,0.0010935,0.144,0.509113935,0.178306817,0.126985609,2.962488271,0.073746606,0.403382912,0.000483456,47.06067808,0.472222222,0.6,0.555555556,9,0.231990182,9,0.527046277
0.935447395,36.1527016,0.0024125,0.032,0.50774975,0.135661984,0.000286181,3.053376399,0.104845494,0.218079895,0.003260157,43.57029167,0.625,0.5,0.375,8,0.267261242,8,0.51754917
0.551156722,107.1958316,0.033912501,1.117,0.427126401,0.099576033,0.058533022,3.130139438,0.234781838,2.428314098,0.000823755,46.18515534,0.5,0.1,0.181818182,11,0.273861279,11,0.404519917
0.843260583,31.43425997,0.142615503,2.22E-16,0.480056789,0.182729995,0.005208927,3.137682429,0.09116538,0.264960888,5.97E-05,43.31123072,0.075,1,0,10,0.120761473,10,0
0.804062946,57.24354013,0.016854,0.272,0.49110669,0.119897879,0.118818503,3.141591327,0.09177736,1.132762211,0.002922938,45.06375295,0.5625,0.2,0.6875,16,0.266145324,16,0.478713554
0,0,0.020709501,0,0.030421331,100,100,3.069619684,0.006921634,0,0,45.43395498,0,0,0,4,0,4,0
0,0,0.348614012,0,0.272427795,0.324239197,0.110669311,2.536215347,0.240440195,0,0,43.55967068,0.382352941,0,0.294117647,17,0.294714468,17,0.469668218
0,0,0.005528,0.176,0.126596391,100,100,3.071213485,0,0,0,52.11281181,0,0,0,2,0,2,0
0,0,0.620511517,2.44E-15,0.363691788,0.183889712,0.237871749,2.304987909,0.107280928,0,0,46.46579386,0.318181818,0,0.090909091,11,0.275928186,11,0.301511345
0.887193509,49.63885593,0.0103805,0.113,0.496972686,0.124616218,0.110868144,3.071700303,0.092559909,0.530306059,0.001822586,44.84274953,0.431818182,0.9,0.545454545,11,0.196561348,11,0.522232968
0,0,0.264303509,0.5649,0.166430601,0.351762136,0.45235959,2.623348647,0.244450368,0,0,46.46285949,0.09375,0,0,8,0.129387292,8,0
0.867535319,35.53383373,0.0079385,1.33E-15,0.500246731,0.117069376,0.004324385,3.119405822,0.088350411,0.299376239,0.001920254,42.0989852,0.777777778,1,0.777777778,9,0.231990182,9,0.440958552
0.784015407,37.94570776,0.051066502,0.079,0.48551353,0.118628512,0.05524404,3.104780561,0.121410587,0.432558924,0.001529893,40.95539687,0.638888889,0,0.888888889,9,0.253448439,9,0.333333333
0,0,0.0007265,-1.33E-15,0.195760583,100,100,2.4827419,0.172498707,0,0,42.43416989,0.035714286,0,0,7,0.094491118,7,0
0,0,0.115503503,0.083,0.444724391,0.158692623,0.025776695,2.998534258,0.102365154,0,0,45.61795237,0.578125,0,0.625,16,0.236621181,16,0.5
0.748137502,69.02719297,0.013135501,0.464,0.482512322,0.128651785,0.013691414,3.072811555,0.183361906,0.715334995,0.003777246,42.71515927,0.636363636,1,0.636363636,11,0.25893137,11,0.504524979
0,0,0.109980504,0,0.454000851,0.081015094,0.154616457,3.014130274,0.051661941,0,0,48.38530054,0.486842105,0.9,0.684210526,19,0.269692266,19,0.477566933
0.856212852,37.45860727,0.0077765,0.06,0.496972686,0.170190611,0.132305036,3.071941636,0.070096722,0.33643811,0.001813449,44.60755898,0.555555556,0.2,0.555555556,9,0.348608344,9,0.527046277
0.945891687,45.44498227,0.0031785,0.027,0.511569469,0.148605997,0.144546435,3.07170776,0.080920739,0.324329358,0.003266533,44.47852378,0.5,1,0.294117647,17,0.25,17,0.469668218
0,0,0.073596502,1.04,0.402843904,0.262208422,0.028332647,3.071621767,0.306617405,0,0,44.09638202,0.455882353,0,0.411764706,17,0.268608889,17,0.507299656
0,0,0.66474202,0,0.23395777,0.366043334,0.292267836,2.35248537,0.128360753,0,0,41.48781436,0,0,0,3,0,3,0
0,0,0.180030505,0.134,0.429172679,0.240634557,0.189144574,2.907998392,0.059921737,0,0,45.9932098,0.264705882,0,0.352941176,17,0.257247878,17,0.492592183
0.857572457,34.987296,0.0156395,0.0066,0.495335664,0.155536026,0.24966422,3.017257393,0.038346643,0.299130964,0.002023635,45.45872567,0.464285714,0.4,0.5,14,0.256776296,14,0.518874522
0.912615515,47.09398891,0.002366,0.058,0.50120166,0.158200626,0.211251012,2.975252547,0.054771382,0.887718091,0.003476774,45.54657807,0.529411765,0.8,0.588235294,17,0.277859465,17,0.507299656
0.911056095,45.67898522,0.024866001,0.129,0.522892206,0.195903202,0.103091409,3.070972181,0.076373279,0.504505785,0.001816052,42.5542339,0.538461538,0.8,0.615384615,13,0.224679259,13,0.506369684
0.910892281,41.35255653,0.008882,0.001,0.500655986,0.125868759,0.090172702,3.072230215,0.084395889,0.32320752,0.002144768,44.4298165,0.5625,1,0.583333333,12,0.371192795,12,0.514928651
0,0,1.368602863,0,0.556377622,0.399881583,0.144000309,2.396870074,0.036094799,0,0,47.11134284,0.2,0,0.133333333,15,0.270581385,15,0.351865775
0,0,0.133119505,0.19,0.426171472,0.192247101,0.121519322,2.994408407,0.08266528,0,0,46.33567183,0.464285714,0,0.642857143,14,0.192582222,14,0.497245158
0.84747242,54.29236843,0.0021305,0.215,0.500655986,0.125296944,0.025914547,3.059162157,0.149172475,0.401128097,0.003448721,43.8518892,0.416666667,1,0.333333333,9,0.306186218,9,0.5
0.927780917,45.0400651,0.033819502,0.129,0.525211321,0.145371071,0.208741949,3.073753479,0.054305137,0.691486961,0.004941498,43.40694272,0.515625,0.4,0.6875,16,0.213478141,16,0.478713554
0,0,0.604968015,0.054,0.365874484,0.366500962,0.318473667,2.895215613,0.048846509,0,0,49.73787697,0.035714286,0,0,7,0.094491118,7,0
0.612121971,82.52598891,0.0118535,0.896,0.466414936,0.135389391,0.224223631,3.09473804,0.082007242,1.123050185,0,47.3858884,0.3125,0.9,0.25,16,0.232737334,16,0.447213595
0.799472107,26.3136665,0.0049085,2.00E-15,0.509796028,0.226546293,0.18453869,2.843468466,0.058410928,0.163409129,6.75E-05,46.91596106,0.347222222,0,0.333333333,18,0.273039656,18,0.48507125
0.813732131,29.82205213,0.003554,2.22E-16,0.497381942,0.207403458,0.219732222,2.947524036,0.042003728,0.155481143,0.001767044,44.06517753,0.483333333,0,0.466666667,15,0.274945882,15,0.516397779
0.802356305,59.76594993,0.0161045,0.344,0.488378319,0.14640972,0.218125257,3.012728644,0.071291501,0.594639942,0.003638326,45.20974901,0.5625,0.9,0.375,8,0.221601315,8,0.51754917
0.898052854,35.90119915,0.0029085,0,0.50952319,0.154726832,0.232428215,3.068788441,0.042337586,0.227785162,0.000162119,47.09846331,0.5625,0,0.5625,16,0.266145324,16,0.512347538
0,0,2.147547184,0.24,0.71727794,0.353485463,0.301745697,1.551772508,0.029023244,0,0,50.76300903,0.232142857,0,0.142857143,14,0.285284705,14,0.36313652
0.871579764,26.71839064,0.0064835,0.088,0.504475705,0.245141196,0.285420654,3.041276764,0.030170631,0.146896811,0.002310435,46.00776913,0.384615385,0.1,0.461538462,13,0.262507631,13,0.518874522
0,0,0.019245501,0.082,0.075985119,100,100,3.071288263,0.043441316,0,0,48.34654013,0,0,0,8,0,8,0
0,0,1.336762937,0.2266,0.555149855,0.321498942,0.374762298,2.953972009,0,0.000376758,0,49.73902011,0.03125,0,0,8,0.088388348,8,0
0,0,0.700090967,-1.11E-15,0.67765369,0.03451953,0.293800863,2.67313705,0.005234671,0.007509199,0,49.88226619,0,0,0,7,0,7,0
0.881165588,48.67566904,0.016926,0.227,0.518526813,0.141955315,0.136707606,3.074873208,0.079905831,0.515231546,0.002158484,43.05242183,0.513888889,0,0.611111111,18,0.263910388,18,0.501631326
0.91212149,46.36642014,0.019324501,0.051,0.496836268,0.124385919,0.246059314,3.078870129,0.040607597,0.601941755,0,47.37131748,0.472222222,0.8,0.444444444,9,0.317323879,9,0.527046277
0,0,0.001266,0,0.175161387,100,100,3.064130441,0.054749809,0,0,44.56310065,0.365384615,0,0.230769231,13,0.362505526,13,0.43852901
0,0,0.0015165,-1.11E-15,0.012686923,0.346428205,0.177033912,2.966079608,0.146552334,0,0,39.61696724,0,0,0,4,0,4,0
0,0,0.180350007,2.586044055,0.329177901,0.456474452,0.083948253,3.034321241,2.09E-05,0,0,46.60526193,0.035714286,0,0,7,0.094491118,7,0
0,0,1.29621841,0.170646475,0.727719289,0.353984431,0.147014278,1.576804511,0.005582671,9.29E-07,0,50.28115465,0.041666667,0,0,6,0.102062073,6,0
0,0,2.985250714,0.09482601,0.666666667,0.358926201,0.055240251,2.555132801,0.001915457,5.29E-07,0,50.35128543,0.035714286,0,0,7,0.094491118,7,0
0,0,0,2.89E-15,1,100,100,1.699946028,0,0,0,52.11281181,0,0,NaN,0,NaN,0,NaN
0.873035833,25.136502,0.016663501,0.146,0.55576907,0.105010309,0.107553615,1.632499159,0.042159049,0.347334031,0,47.8957169,0.171052632,0.1,0.052631579,19,0.167759575,19,0.229415734
0,0,0.321340511,0.299,0.599150161,0.021796732,0.055397222,1.730620847,0.259602605,8.7565485,0.001311714,24.42281609,0.75,1,0.454545455,11,0.273861279,11,0.522232968
0.76195347,0.245718388,0.910509527,0.0163,0.465460007,0.108466549,0.14265237,1.486456028,0.141865837,6.531731017,0,39.58820055,0.5,1,0.428571429,7,0.288675135,7,0.534522484
0,0,1.225846587,0.134,0.653916866,0.101548829,0.088756442,1.917455131,0.17407969,0.01385865,0,43.67724695,0.409090909,0,0.363636364,11,0.358342142,11,0.504524979
0.782263925,11.24318363,0.347805513,0.1244,0.508568261,0.090369663,0.125646211,1.748606367,0.327126916,8.297173514,0.001142885,34.10446324,0.578125,1,0.5625,16,0.269548233,16,0.512347538
0.81827498,10.1630658,0.415135512,0.144,0.620840706,0.071748205,0.080791883,1.606169166,0.19129927,2.666440023,0.002548843,36.79897275,0.634615385,1,0.692307692,13,0.262507631,13,0.480384461
0,0,0.073242003,0.032,0.496017756,0.170897805,0.101501468,1.645507797,0.158707278,1.638510751,0,25.48216498,0.428571429,0.2,0.571428571,7,0.313391585,7,0.534522484
0,0,0.0168995,1.508,0.688504295,0.107820891,0.370987237,2.077397505,0.014400366,0.000593202,0,44.89297805,0.35,0,0.2,15,0.24640269,15,0.414039336
0,0,0.245031507,0,0.617430244,0.083320334,0.008365788,1.59746597,0.171024025,0.339574794,0,27.77304034,0.613636364,1,0.409090909,22,0.285849535,22,0.50323628
0,0,0.308631508,0.271,0.570638689,0.054955016,0.041723421,1.500922503,0.217915053,0.381763666,0,26.9890375,0.513888889,1,0.5,18,0.234398828,18,0.514495755
0.791180898,50.88200874,0.036154501,0,0.482512323,0.101779667,0.091191966,1.55391099,0.105122197,0.635396626,0,38.0457701,0.366666667,0.1,0.4,15,0.29680842,15,0.507092553
0,0,0.183358504,2.22E-16,0.505430635,0.239227013,0.223548716,1.924875906,0.294802632,0,0,28.40263563,0.722222222,0.9,0.777777778,18,0.269652403,18,0.427792632
0.653804117,22.49626801,0.218238007,0.176,0.561089393,0.223077644,0.026250373,1.94194995,0.195387846,0.425279215,0,32.39890171,0.46875,1,0.0625,16,0.256173769,16,0.25
0.783662829,18.23491024,0.005528,2.22E-16,0.547720378,0.11666175,0.001437851,1.592033752,0.073049916,0.22511291,0.000171621,44.92363262,0.5,0.5,0.357142857,14,0.325221818,14,0.497245158
0.861671975,18.1464677,0.044024001,2.22E-16,0.571457201,0.204457913,0.304606931,1.891420346,0.228940311,0.228704461,0,29.62879202,0.71875,1,0.8125,16,0.221265301,16,0.403112887
0,0,0.098031504,0.111,0.525756995,0.054448898,0.109670874,1.472634649,0.233487297,1.579135087,0.001744987,25.40318585,0.72,1,0.84,25,0.291547595,25,0.374165739
0.762012229,54.09121052,0.0041165,0.0196,0.453318758,0.115557783,0.197326116,1.767170742,0.095745482,1.010905952,0,40.54840826,0.340909091,1,0.181818182,11,0.280016233,11,0.404519917
0,0,0.082818502,0.575,0.699963451,0.159359232,0.241468705,1.56632217,0.134886944,0.452518903,0,34.75620539,0.433333333,0.1,0.133333333,15,0.305699822,15,0.351865775
0.650583378,12.58966839,0.018724501,0.383,0.580324405,0.241633897,0.007935164,1.626363089,0.255584929,0.180986872,0,26.48404098,0.488636364,0.4,0.227272727,22,0.303523678,22,0.428932027
0,0,0.004736,0.088,0.480738882,0.113836158,0.093218302,1.659387178,0.129808068,0.337415674,0,26.127366,0.739583333,1,0.875,24,0.308213353,24,0.337831962
0,0,2.047539344,2.22E-16,0.454882239,0.250553277,0.158835431,2.019006177,0.115731041,0.00077512,0,45.66497245,0.141304348,1,0.130434783,23,0.25921743,23,0.344350222
0,0,0.197694005,-2.22E-16,0.468188377,0.044785603,0.231858566,1.768170278,0.231618154,0.643989517,0,35.77077304,0.510869565,1,0.391304348,23,0.276732773,23,0.499010879
0,0,1.521571984,2.22E-16,0.762023216,0.163378712,0.159682534,1.651764929,0.012558769,1.29E-09,0,47.59403125,0.409090909,0.2,0.272727273,11,0.321572839,11,0.467099366
0.859846485,11.36244594,2.45E-05,2.22E-16,0.560952974,0.270857773,0.249629579,1.623327076,0.263352319,0.101911793,0.000108925,19.96350491,0.642857143,1,0.642857143,14,0.27235239,14,0.497245158
0.863555506,15.98102022,0.0012185,0.002,0.544582751,0.147080359,0.106115667,1.968913116,0.057042074,0.099998919,0,40.23934038,0.638888889,0.8,0.666666667,18,0.323380833,18,0.48507125
0,0,0.422380514,0.061,0.568046738,0.072654646,0.010630607,1.471710913,0.193571391,2.205764539,0,25.35028315,0.517857143,1,0.571428571,14,0.372933869,14,0.513552591
0.790188122,54.26943167,0.0222455,0.03,0.484285763,0.16602996,0.076258819,1.705509887,0.157437595,0.637979216,0,36.51998594,0.555555556,1,0.333333333,9,0.348608344,9,0.5
0.814595146,30.41994925,0.209778007,1.03,0.546356192,0.022633819,0.022985758,2.634626924,0.280042396,0.447812177,0,39.09450985,0.318181818,1,0.090909091,11,0.226133508,11,0.301511345
0.947167833,15.34708793,0.0019625,0,0.578960219,0.194187114,0.111075018,1.442095335,0.210992031,2.074721044,0,23.035758,0.739583333,1,0.791666667,24,0.22697403,24,0.414851117
0.752317987,36.091744,0.007390498,0,0.545537678,0.188900025,0.362120076,1.763822929,0.223689697,0,0,32.52528782,0.46,0.8,0.36,25,0.311916121,25,0.489897949
0.80350235,50.14830636,0.019166,0.134,0.498336871,0.181737565,0.080967933,1.658925406,0.153882119,0.883682299,0,34.83711849,0.538461538,0.9,0.769230769,13,0.320256308,13,0.43852901
0.802038114,45.95834317,0.018302001,0.0066,0.501474497,0.206662666,0.248976505,1.790603791,0.262078498,0.623525051,0,30.6731545,0.681818182,0.8,0.818181818,11,0.318019439,11,0.404519917
0,0,0.482846013,0.058,0.565864041,0.045361582,0.049935056,1.377601465,0.191339734,7.125522195,0,23.40136637,0.714285714,1,0.642857143,14,0.337655133,14,0.497245158
0,0,0.050637502,0,0.481011719,0.115850228,0.13910788,1.562882289,0.147535258,0.423195097,0,24.67018055,0.5,1,0.428571429,14,0.366899693,14,0.513552591
0,0,0.169305505,2.22E-16,0.596148954,0.134998861,0.1483989,1.512273312,0.208245302,4.036192487,0,23.95683859,0.866666667,1,0.933333333,15,0.129099445,15,0.25819889
0.982211882,10.46647435,0.0004335,0.042,0.622068473,0.16968448,0.162714575,1.481162693,0.220562142,2.104916577,0,16.82750485,0.761363636,1,0.772727273,22,0.272524275,22,0.428932027
0,0,0.037641501,8.88E-16,0.558497441,0.186849966,0.118282304,1.466887496,0.181354306,3.656216601,0.004337976,20.52375848,0.805555556,1,0.666666667,9,0.166666667,9,0.5
0.719057107,5.573017147,0.468744514,0.101,0.517026209,0.04879619,0.046695474,1.598079994,0.212605263,5.60425124,0,40.81167578,0.392857143,1,0.19047619,21,0.257043632,21,0.402373908
0,0,0.032541501,0.019,0.553177118,0.10966064,0.233927817,1.521750613,0.225513207,3.190783483,0.00051029,23.15426124,0.711538462,0.7,0.923076923,13,0.393252382,13,0.277350098
0.870921663,22.40552163,0.019923501,2.22E-16,0.593147746,0.136851519,0.039977794,1.468323034,0.149174797,7.138177848,0.001350116,30.54909824,0.5,1,0.5,12,0.282038037,12,0.522232968
0,0,0.993138028,0.064,0.57336706,0.174378005,0.095263059,1.675071136,0.212938462,0.265941054,0,21.41126805,0.733333333,1,0.733333333,15,0.240287526,15,0.457737708
0,0,0.459036514,0.264,0.54008094,0.057176593,0.038062375,1.582800381,0.252871548,4.225755754,0.000118551,27.58650334,0.6,1,0.333333333,15,0.263899331,15,0.487950036
0.766209347,22.60925452,0.0122885,0.104,0.535988384,0.128311711,0.108568708,1.804749257,0.17586894,0.177797019,0,35.97421779,0.692307692,0.9,0.846153846,13,0.253184842,13,0.375533808
0.803418985,28.58505236,0.040554501,0.189,0.557269674,0.129002958,0.159507323,1.818391789,0.211244885,0.217001609,0,33.66028718,0.65625,0.3,0.6875,16,0.286865241,16,0.478713554
0.818070991,12.71762954,0.605910519,0.087,0.484422182,0.162207893,0.130579671,1.506576839,0.260106927,6.398589701,0,26.93669617,0.694444444,1,0.333333333,9,0.166666667,9,0.5
0.81385999,10.02486542,0.023058001,0.119,0.624524007,0.151319687,0.051046981,1.437132339,0.23419725,2.340452313,0,23.08755029,0.802631579,1,0.736842105,19,0.196831629,19,0.452413928
0,0,0.049518501,0.235,0.563681345,0.151215788,0.016888188,1.342229517,0.230967725,0.804146641,0,29.15503802,0.55,1,0.466666667,15,0.253546276,15,0.516397779
0,0,0.892153526,0.088,0.595876117,0.076305622,0.020606401,1.819862221,0.249732226,3.004616204,0,23.29308281,0.625,1,0.571428571,14,0.254762333,14,0.513552591
0.806163542,20.47779986,0.101316503,0.076,0.534214943,0.264111522,0.080504996,1.551478584,0.198513043,0.155004789,0,25.06703475,0.354166667,1,0.583333333,12,0.291125038,12,0.514928651
0.77797399,20.18801879,0.0047805,0.123,0.556178325,0.10748554,0.014504994,1.805333313,0.119452945,0.156931417,0,32.75825742,0.557692308,1,0.538461538,13,0.272982107,13,0.518874522
0,0,0.551499517,0,0.37828857,0.03710976,0.152325143,1.732400553,0.184329665,0,0,30.35947224,0.446428571,1,0.285714286,14,0.297078263,14,0.468807231
0,0,0.372394511,0,0.441996021,0.145794805,0.187839357,1.588381298,0.197230659,0.187895852,0,29.2896187,0.75,1,0.875,8,0.231455025,8,0.353553391
0.6792448,37.47753626,0.311874508,0,0.400115533,0.132785636,0.116038377,1.524767202,0.187456499,0.499982009,0,37.4465593,0.653846154,1,0.692307692,13,0.260976961,13,0.480384461
0.761155099,20.03666615,0.009896,2.22E-16,0.547856796,0.16614091,0.114685108,1.615762559,0.068663969,0.159898059,0,43.16431627,0.557692308,0.6,0.615384615,13,0.208012574,13,0.506369684
0,0,0.042394501,0,0.50952319,0.117360958,0.21339213,1.820885284,0.214934866,1.918117269,0.001513458,23.45899045,0.765625,1,0.6875,16,0.280902563,16,0.478713554
0,0,0.656299519,0,0.549630237,0.057253919,0.138254683,1.714710681,0.169434647,5.98716226,0,21.47730503,0.777777778,1,0.888888889,9,0.317323879,9,0.333333333
0,0,0.147424412,2.04466822,0.862364372,100,100,2.56191732,0,0,0,52.11281181,0,0,NaN,0,NaN,0,NaN
0.754619264,23.38109745,0.670809527,0.008286414,0.569410922,0.085657989,0.101847341,1.917677543,0.127556788,0.777759264,0,45.45506176,0.520833333,0,0.416666667,12,0.291125038,12,0.514928651
0,0,0.578384016,1.908663607,0.767007824,0.253183878,0.280567945,2.941047885,0.012391434,3.48E-12,0,49.86500409,0,0,0,7,0,7,0
0.820001348,7.340082929,0.053140502,0.055,0.599968672,0.113644179,0.140768583,1.529118379,0.313204555,2.218146594,0,15.00450521,0.65625,1,0.875,8,0.229031345,8,0.353553391
0.458584406,7.30246839,0.0001865,0.0923,0.63530107,0.17199126,0.12082508,1.588746108,0.292022593,0.748203142,0.001060018,9.287050741,0.794117647,1,0.882352941,17,0.202239302,17,0.332105582
0.825088849,42.7116985,0.133794504,0.178,0.486877715,0.203899088,0.139020215,1.442158387,0.378247651,0.395422696,0,26.12271983,0.425,1,0.3,10,0.237170825,10,0.483045892
0,0,0.847837782,2.0943,0.644913244,0.22219466,0.42384327,2.192107358,0.025133139,0.010956277,0,45.31449678,0,0,0,6,0,6,0
0.72067149,5.811692071,0.003354,1.31,0.653171897,0.152046107,0.285783733,1.702825862,0.206727488,0.404607423,0.001991037,18.2534282,0.421875,1,0.375,16,0.373259851,16,0.5
0,0,0.561754517,0.124,0.385109496,0.188093285,0.112496201,1.593363741,0.405769327,1.588410356,0.001991211,33.20324601,0.522727273,1,0.545454545,11,0.261116484,11,0.522232968
0.79034143,31.37279693,0.086474002,0.149,0.51879965,0.083142725,0.076093682,2.839417299,0.156305947,0.1918809,0.000675881,35.9992924,0.472222222,1,0.555555556,9,0.19543399,9,0.527046277
0,0,0.509665514,0.032,0.392885352,0.180597187,0.080428529,1.594074628,0.335022955,1.812266302,0.002959107,33.40087055,0.833333333,0.4,0.916666667,12,0.221906341,12,0.288675135
0.96645067,29.76739627,0.243405507,1.508,0.531077317,0.070783332,0.149627709,2.939875616,0.275821635,0.695514957,3.41E-05,42.18070588,0.277777778,1,0.166666667,18,0.225063535,18,0.383482494
0.858900524,22.77955316,0.0107255,0.005,0.54649261,0.304695194,0.15097323,1.829105164,0.329897703,0.271460214,0,17.4982826,0.821428571,1,1,14,0.18156826,14,0
0.696271236,13.61856594,0.001664,0,0.588373097,0.334676015,0.101829475,1.461918097,0.358126945,0.036359171,0,12.98240851,0.730769231,1,0.769230769,13,0.278790888,13,0.43852901
0.5834953,6.902499756,0.0002,2.22E-16,0.638165859,0.347716967,0.111434379,1.572746938,0.42189949,0.019614326,0,9.452009296,0.928571429,1,0.928571429,14,0.117201808,14,0.267261242
0.868152735,42.64441567,0.0270245,0,0.473645118,0.184552676,0.161794877,1.335922095,0.048697582,0.616293999,0,45.02236576,0.0875,0,0,20,0.122340121,20,0
0.86062341,14.83309688,0.0275445,2.22E-16,0.592602072,0.211919155,0.167459971,1.430199101,0.326764132,0.70607617,0,15.55375753,0.766666667,1,0.866666667,15,0.220928775,15,0.351865775
0.605435967,10.50938651,0.0007085,0,0.61770308,0.340671833,0.182503042,1.645522315,0.356207534,0.037426806,0,12.52363119,0.78125,1,0.875,8,0.160217486,8,0.353553391
0.573233227,10.01564597,0.0011655,0,0.620840707,0.342218584,0.091593807,1.510688381,0.35630299,0.036991526,0,12.63943764,0.833333333,1,0.777777778,9,0.25,9,0.440958552
0.610070008,7.382931752,0.012248,0.022,0.608426621,0.238353682,0.031098982,1.576154881,0.344942896,1.968360703,0,10.25815351,0.867647059,1,1,17,0.199954039,17,0
0.935087421,43.25932731,0.041787498,0.378,0.528621782,0.241258528,0.139448792,1.394906982,0.340324684,0.591667962,0,24.73288357,0.358695652,1,0.260869565,23,0.318252392,23,0.448977759
0.892603108,38.11290462,0.112459503,1.56,0.535715547,0.217967745,0.200445177,1.518378025,0.396124555,0.265255896,0,27.80890525,0.5,1,0.157894737,19,0.311804782,19,0.374634325
0.589962949,10.32167354,0.0003185,2.22E-16,0.612109921,0.341862971,0.12883553,1.554462301,0.374543414,0.040478063,0,12.23068775,0.875,1,1,10,0.131761569,10,0
0.761362043,31.54655286,0.027026001,0.039,0.468051959,0.086132292,0.217964604,2.89737237,0.33362612,0.360697863,0.001568336,26.24656845,0.566666667,1,0.4,15,0.175932888,15,0.507092553
0.710681482,47.73262301,0.0074135,0.002,0.463959403,0.130920127,0.10055173,1.945750642,0.177117059,0.333077819,0,31.90392393,0.660714286,1,0.5,14,0.232195683,14,0.518874522
0.863739933,34.49636775,0.048902002,0.463,0.523710717,0.088036886,0.192909441,3.073073641,0.507261586,0.278085894,8.76E-05,29.51139937,0.375,1,0.25,16,0.204124145,16,0.447213595
0.825961321,53.37123227,0.0007805,0.302,0.476509908,0.073022579,0.145942505,1.722017369,0.13090445,1.20662967,0.000159559,43.68282168,0.176470588,1,0,17,0.289998732,17,0
0.562611146,10.52703959,0.0026205,0.081,0.612655595,0.267324548,0.020072602,1.501909048,0.368515849,0.7106489,0,11.70145864,0.839285714,1,1,14,0.158330923,14,0
0.528291561,8.995110127,0.0020265,0.028,0.619203684,0.343946975,0.099064225,1.672315525,0.297141288,0.029719723,0,15.54812113,0.767857143,1,0.785714286,14,0.249312241,14,0.425815314
0,0,0.676734021,1.07,0.318400837,0.13727838,0.115106828,2.532204753,0.21080316,0,0,40.01428737,0.15,1,0,5,0.136930639,5,0
0.610696218,10.39082685,0.036578001,2.22E-16,0.58264352,0.230201467,0.079172944,1.532175676,0.301936998,2.334688244,0,12.28752039,0.854166667,1,0.916666667,12,0.24905123,12,0.288675135
0.932177664,67.0140369,0.0011265,0.095,0.471462422,0.144322047,0.039902782,1.544283838,0.260042868,1.159660431,0,30.68340393,0.514705882,0.7,0.470588235,17,0.257247878,17,0.514495755
0.792717896,47.00948673,0.190551506,0.044,0.436948535,0.121268675,0.104329267,1.665909547,0.219806309,0.558424857,0.002364884,37.10698691,0.711538462,1,0.769230769,13,0.267047004,13,0.43852901
0.834658416,21.67891764,0.040695501,0.051,0.526848343,0.180552108,0.021070755,1.782248542,0.366231926,2.143608423,0,16.24278276,0.714285714,1,0.785714286,14,0.256776296,14,0.425815314
0.927045339,13.01914635,0.093243503,0.004,0.576913941,0.196634277,0.184964008,1.437065034,0.30938779,0.634705765,0,18.38128349,0.865384615,1,1,13,0.165056323,13,0
0.537232779,8.821367084,5.60E-05,0,0.627115958,0.344396962,0.000358811,1.532728272,0.348037819,0.021686472,0,9.604634818,0.865384615,1,1,13,0.219264505,13,0
0.5182922,8.406169352,0.00095,0.045,0.631344933,0.260639808,0.067638833,1.545023363,0.345694182,0.486210699,0,11.91985329,0.90625,1,1,24,0.123633839,24,0
0.545303377,9.031328585,0.000614,0,0.622750565,0.344104416,0.116383761,1.5157956,0.355747167,0.030824152,0,10.48213015,0.861111111,1,1,9,0.131761569,9,0
0.924711113,29.61061003,0.274935509,0.08,0.533396432,0.025429658,0.008710358,1.884713248,0.270999536,0.789257309,0.000480514,29.59720772,0.694444444,1,0.777777778,9,0.208333333,9,0.440958552
0.587531922,10.04972412,0.0061355,0.013,0.60296988,0.234317139,0.026345436,1.518869965,0.327395741,2.682249931,0,11.91887998,0.833333333,1,0.866666667,15,0.204124145,15,0.351865775
0.953867903,32.41871782,0.021574501,0,0.532032247,0.254547549,0.052020657,1.699946028,0.240618372,0.2854097,0,23.16967807,0.767857143,1,0.928571429,14,0.182511478,14,0.267261242
0,0,0.275796509,0.016,0.447862017,0.135831482,0.19296291,1.436753748,0.269836779,2.450231018,0,29.05583557,0.615384615,1,0.923076923,13,0.219264505,13,0.277350098
0.728630567,14.6369774,0.005082,0.093,0.599559416,0.330343996,0.106811179,1.724927912,0.378138502,0.050259707,0,14.33988083,0.826923077,1,1,13,0.120096115,13,0
0.935449618,65.89151227,0.021434001,0.194,0.490833853,0.154768474,0.034098087,1.818391833,0.300233685,0.560233093,0,30.91375037,0.5,1,0.466666667,15,0.25,15,0.516397779
0.626315376,11.80831115,0.0026465,0.087,0.600650765,0.164925459,0.051507428,1.707429717,0.391746933,1.766859223,0,12.85812461,0.865384615,1,1,13,0.12971863,13,0
0.71742878,25.57938176,0.215241506,0,0.462595218,0.163793333,0.046704287,1.669162601,0.324052075,5.612514422,0.003895412,24.49965218,0.732142857,0.4,0.928571429,14,0.249312241,14,0.267261242
0.895685,57.21509262,0.013106001,0.242,0.487286971,0.226858398,0.110184462,1.590871737,0.049266931,0.7984279,0,45.6814181,0.009259259,0,0,27,0.048112522,27,0
0.611248026,10.80491481,0.0020555,0.0922,0.618930847,0.339469398,0.048013011,1.654516644,0.352272527,0.05002409,0,12.03048622,0.821428571,1,0.571428571,14,0.117201808,14,0.513552591
0,0,1.430733542,0.092,0.332588364,0.254074735,0.275801367,1.714125421,0.269719929,0.548957481,0,40.19199004,0.638888889,0,0.555555556,9,0.220479276,9,0.527046277
0.850137522,11.30685329,0.0086795,0,0.583052775,0.25014322,0.117109425,1.447423433,0.303664727,0.668116833,0,13.29295483,0.75,1,0.846153846,13,0.102062073,13,0.375533808
0.964388261,30.63118739,0.0003815,2.22E-16,0.522073695,0.27326223,0.03502979,1.640162314,0.270996841,0.25673802,0,20.76102636,0.815789474,1,0.894736842,19,0.261434415,19,0.315301768
0.769791949,37.5468397,0.285152009,0.007,0.438585558,0.1390504,0.010616632,1.679993807,0.267878642,0.422728598,0.000588569,33.70486235,0.75,1,0.923076923,13,0.204124145,13,0.277350098
0.754245503,36.56551811,3.15E-05,0,0.471871678,0.117768193,0.096928951,1.406145726,0.117062371,0.524746792,0.003060583,36.41956835,0.416666667,1,0.380952381,21,0.356487494,21,0.497613352
0.78674262,23.83723369,0.129026005,0.629020399,0.5604073,0.187193633,0.114121366,1.521535865,0.401715786,1.302874291,6.11E-05,19.64276282,0.548076923,1,0.115384615,26,0.291712451,26,0.325812594
0.008872271,0.113940255,0.0064385,3.147464141,0.591647142,0.180009629,0.088189706,1.761170003,0.107889577,0.406752744,0,12.24978593,0.875,1,0.8,10,0.242956329,10,0.421637021
0,0,0.032526001,2.94466822,0.461640288,0.215764969,0.267099675,1.534769345,0.069471532,1.296548195,0,21.17115519,0.764705882,1,0.647058824,17,0.138929733,17,0.492592183
0.750548101,14.21195879,0.029378001,0.032019085,0.598468068,0.108283102,0.014871037,1.66851607,0.381780835,6.51387394,0,14.69238209,0.9375,1,1,12,0.113066754,12,0
0,0,0.157159283,1.674459954,0.856225539,100,100,0.309737271,0,0,0,52.11281181,0,0,0,5,0,5,0
0.753313093,24.09744901,0.121879503,0.055,0.539808103,0.124269498,0.058276307,1.557872885,0.191353897,2.797458574,0.002683464,15.88694438,0.777777778,1,0.777777778,9,0.19543399,9,0.440958552
0.659238016,17.1895444,0.001976,0.409,0.60106002,0.157223347,0.055535573,1.588746108,0.239362804,1.210371126,0.002589586,10.04094695,0.791666667,1,1,12,0.208711777,12,0
0.912760883,47.01502512,0.129384504,0.163,0.469552563,0.140546852,0.074695107,1.693964607,0.266846313,5.568112778,0,18.36262776,0.730769231,1,0.846153846,13,0.259437261,13,0.375533808
0,0,0.116216003,0.134,0.490015342,0.120415063,0.248221271,1.390925457,0.161183446,1.414675204,0,25.05312464,0.323529412,1,0.235294118,17,0.261675877,17,0.437237316
0,0,0.589053517,0.186,0.369694202,0.137262365,0.119564084,1.680580982,0.257958395,8.88544796,0,32.14940513,0.520833333,1,0.416666667,12,0.291125038,12,0.514928651
0.928039578,33.24761155,0.144063504,0.149,0.53175941,0.02249199,0.175018074,1.841413536,0.180100846,8.054787493,0.004245158,23.94967392,0.722222222,1,0.777777778,9,0.317323879,9,0.440958552
0,0,0.189004505,0.032,0.50215659,0.112774109,0.120670088,1.572988976,0.235306816,0.799060016,0,16.17713258,0.8625,1,0.9,20,0.189788664,20,0.307793506
0.831237153,42.80680795,0.028262001,0.586,0.509250354,0.067852524,0.156514228,2.90053786,0.215026369,0.353566876,0,26.94524903,0.515625,0.2,0.4375,16,0.232177195,16,0.512347538
0.875543393,21.63446346,0.0016055,0.016,0.556860419,0.317735325,0.038406878,1.466743084,0.202409203,0.148692363,0,14.54430689,0.825,1,0.9,10,0.237170825,10,0.316227766
0.679141246,27.19993831,0.0007695,0.197,0.568046738,0.226517601,0.020059763,1.482204967,0.261491843,2.010025897,0,11.67362691,0.857142857,1,0.714285714,7,0.133630621,7,0.487950036
0.696113627,14.79762203,0.0002795,0.1,0.592874909,0.335402022,0.108890935,1.585346146,0.194337162,0.048179985,0,9.623550164,0.842592593,1,0.962962963,27,0.209717623,27,0.19245009
0.704917522,12.75438743,0.053758502,0,0.545537681,0.211241468,0.006871918,1.583861471,0.170307345,2.989715542,0,10.0168009,0.722222222,1,0.777777778,18,0.282958229,18,0.427792632
0.899297138,71.35840595,0.027423501,0.185,0.458229825,0.163514312,0.156754847,1.505726404,0.183529467,0.93013092,0,28.08908199,0.545454545,0.8,0.545454545,11,0.245412454,11,0.522232968
0.899238223,11.72350854,0.0013785,0,0.590555794,0.323371236,0.110918953,1.517592504,0.169140804,0.074498467,0,12.82584564,0.8125,1,0.9375,16,0.111803399,16,0.25
0.872772274,10.66603387,0.0026295,0,0.597513139,0.335170291,0.134708483,1.575760008,0.142692459,0.069568594,0,11.80117938,0.816666667,1,0.933333333,15,0.220928775,15,0.25819889
0.701666355,15.39272152,0.0005415,0.186,0.596694628,0.33375958,0.053476004,1.583314571,0.193834006,0.114282269,0,9.999483944,0.85,1,1,15,0.207019668,15,0
0.875228235,20.19593052,0.006278,0.02,0.578550964,0.319994907,0.214964535,1.676350513,0.203180291,0.158102293,0,14.20838475,0.802083333,1,0.833333333,24,0.232883236,24,0.380693494
0,0,0.740269526,0.376,0.372013317,0.291302129,0.115227131,1.35889016,0.237349065,0,0,25.67509535,0.77173913,1,0.869565217,23,0.237327012,23,0.344350222
0.578377417,28.7912811,0.015681501,0.383,0.557269674,0.239858292,0.082717217,1.559456311,0.305363514,10.24873043,0,10.95004165,0.75,1,0.8125,16,0.25819889,16,0.403112887
0.647311605,14.74776763,0.0004865,0.21,0.596967465,0.331057751,0.057519245,1.571467466,0.237229901,0.064930075,0,9.18036552,0.838235294,1,0.823529412,17,0.175472052,17,0.392952624
0.795528488,42.25527892,0.027198501,0,0.471326003,0.125430332,0.25647168,2.234603995,0.104206951,0.734574354,0,32.20079662,0.421875,0,0.25,16,0.25361963,16,0.447213595
0.767163004,36.49826481,0.221868505,0,0.445133647,0.110296757,0.243542551,2.180533944,0.112750731,0.348260254,0,39.34067288,0.421875,0,0.5,16,0.269548233,16,0.516397779
0.782676245,16.56072794,0.023571501,2.22E-16,0.544582751,0.213340169,0.027775419,1.515491565,0.168152533,3.233670047,0,11.39014491,0.890625,1,0.9375,16,0.157288217,16,0.25
0.85892686,19.3389916,0.0024135,2.22E-16,0.575413338,0.323047689,0.055752046,1.693883601,0.217007635,0.094437752,0,11.40688051,0.861111111,1,1,9,0.181620789,9,0
0.83391135,97.21562162,0.0138305,0.745,0.456183547,0.079188578,0.204589987,1.389804574,0.213189952,0.976868366,0,31.78309827,0.458333333,0.2,0.25,12,0.316826116,12,0.452267017
0.844266473,52.69941729,0.0038465,0.243,0.508159005,0.270647209,0.01115962,1.485035918,0.264335323,0.429372221,0,18.02449029,0.716666667,0.9,0.866666667,15,0.2476076,15,0.351865775
0.786965893,32.72256312,0.015924501,0.026,0.507613331,0.25604927,0.145353658,1.668398028,0.19172257,0.57455718,0,22.19757586,0.691176471,1,0.941176471,17,0.225856214,17,0.242535625
0,0,0.161361505,1.07,0.416485757,0.1059229,0.21987628,2.409983261,0.269331508,2.313903503,0,34.09187485,0.40625,0,0.125,8,0.296933735,8,0.353553391
0,0,0.228358508,0,0.467369866,0.155039971,0.082683302,1.447751814,0.196535931,3.967668328,0,19.20131237,0.702380952,1,0.857142857,21,0.269479216,21,0.358568583
0.909740906,17.01547164,0.002762,0,0.59928658,0.260763191,0.254769495,1.568118801,0.156595833,0.909353229,0,9.443518182,0.826923077,1,0.923076923,13,0.277350098,13,0.277350098
0.814343078,48.99257633,0.162824005,0.095,0.457411314,0.176499883,0.085681104,1.584698889,0.172394612,0.641032689,0,26.11899095,0.863636364,1,1,11,0.130558242,11,0
0.833079143,46.52963343,0.035031501,0.044,0.465050751,0.179376037,0.053712493,1.415894955,0.153700366,0.534251549,0,26.61978783,0.632352941,1,0.705882353,17,0.30768347,17,0.469668218
0.856253156,29.3686682,0.033926001,0.051,0.52903104,0.16323644,0.203512014,1.301443428,0.174535342,1.678724967,0,19.17329021,0.5625,1,0.4375,16,0.295803989,16,0.512347538
0.669051026,24.59672811,0.0149955,0.127,0.560680137,0.257076718,0.045634754,1.515270714,0.244255798,1.821793947,0,13.56654858,0.916666667,1,1,15,0.121987509,15,0
0.831964053,18.4095161,0.0009665,0,0.576368267,0.323104797,0.162322781,1.631615897,0.166067005,0.066716578,0,11.03846035,0.833333333,1,0.777777778,9,0.25,9,0.440958552
0.992947239,25.27443478,0.162504004,0.031,0.542263636,0.164121855,0.030715753,1.569702803,0.177983655,1.035272281,0,17.58673657,0.708333333,0.9,0.833333333,18,0.312132136,18,0.383482494
0.931602654,41.05878608,0.002954,0.091,0.502429427,0.225586577,0.086277943,1.416555426,0.175247966,0.30779403,0,21.21556694,0.75,1,0.882352941,17,0.233853587,17,0.332105582
0.912627368,37.98447901,0.295398008,0.189,0.521800857,0.028347799,0.102601482,1.912455449,0.154859836,3.962140258,0.00301232,29.85320545,0.529411765,1,0.411764706,17,0.248154956,17,0.507299656
0.60511294,20.55666619,0.0002885,0.183,0.594921187,0.330974347,0.127118748,1.556062714,0.226855631,0.075591847,0,9.525460436,0.783333333,1,0.933333333,15,0.185805838,15,0.25819889
0,0,0.298785509,0.026,0.51511635,0.120042747,0.08711301,1.416454895,0.126135344,0.437312222,0.001663466,30.3340883,0.7,1,0.733333333,15,0.215472902,15,0.457737708
0.755409147,16.78269141,0.035448501,0.079,0.566273297,0.225532105,0.188881169,1.428744132,0.228009833,2.328583441,0,11.43774575,0.78125,1,0.875,8,0.088388348,8,0.353553391
0,0,0.207240506,0.016,0.52903104,0.024876775,0.157687875,1.569817579,0.175348847,1.406102965,0.002365059,23.88575096,0.673076923,1,0.846153846,13,0.157606293,13,0.375533808
0.769590226,37.7729286,0.001338,0.096,0.478419767,0.080970061,0.170336983,2.912098493,0.140455979,0.257564764,0.001127281,28.4518264,0.5625,0,0.65,20,0.254886456,20,0.489360485
0.935647896,74.64502355,0.0172305,0.382,0.485786367,0.201933385,0.027633377,1.447273542,0.203142484,2.175943927,0,28.22720197,0.625,0.2,0.65,20,0.29801978,20,0.489360485
0.69419317,18.54201652,0.014226501,0.169,0.589055191,0.111751546,0.079110869,1.517783346,0.22647448,6.068509686,0,14.15526953,0.854166667,1,0.833333333,12,0.167139481,12,0.389249472
0.936344677,63.80313236,0.000266,0,0.473372281,0.148706059,0.05788592,1.548630629,0.054903374,1.566353467,0,38.36075052,0.576923077,1,0.615384615,13,0.277350098,13,0.506369684
0.893577004,90.19532309,0.297433508,0.242,0.415394408,0.110526724,0.039854638,1.365222384,0.191812879,1.627635741,0.00393275,36.09990475,0.447368421,1,0.263157895,19,0.229415734,19,0.452413928
0,0,0.705006519,0.088,0.365328809,0.13459875,0.077303286,1.455146474,0.175455159,5.018900839,0,30.68059425,0.516666667,0,0.333333333,15,0.25819889,15,0.487950036
0.733161611,27.79661917,0.063318502,0.083,0.52248295,0.190716379,0.078457815,1.738136829,0.22705716,6.854585949,0,12.44982216,0.775,1,0.9,10,0.141911553,10,0.316227766
0,0,0.249840508,0.123,0.528894621,0.007002301,0.198140468,1.557140617,0.165322712,1.280151244,0.00234115,28.13949871,0.691176471,0,0.705882353,17,0.272852578,17,0.469668218
0.967168411,25.95873299,0.0075915,0,0.532441503,0.232935885,0.004493695,1.357348655,0.171881929,1.478726268,0,15.72296821,0.833333333,1,0.916666667,12,0.162834737,12,0.288675135
0.938998187,34.97282314,0.0105495,0,0.499701057,0.246833231,0.009775763,1.612734301,0.146758572,0.257491592,0,20.37594037,0.727272727,1,0.818181818,11,0.261116484,11,0.404519917
0.798743378,53.1339614,0.0007445,0.007,0.461503869,0.118179353,0.218539249,1.795516837,0.065984277,0.458007589,0.000994648,38.98976699,0.4,1,0.4,10,0.293446948,10,0.516397779
0.910762798,21.68487029,0.016134501,2.22E-16,0.547856796,0.288906999,0.097353957,1.364269226,0.187447062,0.129880108,0,13.37096004,0.763888889,1,0.944444444,18,0.218151024,18,0.23570226
0,0,2.560932833,1.477779035,0.609990102,0.134995182,0.497712559,2.56191732,0.01865418,0,0,46.90097722,0.041666667,0,0,6,0.102062073,6,0
0.860355597,79.6908173,0.065971502,1.571400165,0.4808753,0.168511583,0.227380242,1.599354752,0.19573579,0.914368319,0,32.79457358,0.625,0.9,0.5,12,0.168549966,12,0.522232968
0.758567468,90.03762914,0.212096007,1.419416863,0.449089784,0.140166065,0.224647617,1.716905737,0.310226892,6.29669303,0,30.69496054,0.678571429,1,0.5,14,0.206355076,14,0.518874522
0.769762103,20.26308523,0.0080745,0.178177868,0.584007705,0.166140498,0.05121255,1.671130484,0.222315581,2.335814937,0,12.66895774,0.8125,1,1,16,0.144337567,16,0
0,0,1.716178283,1.922804653,0.667422301,0.350659788,0.149324608,2.51261457,0.077974555,0,0,44.1485236,0.05,0,0,10,0.105409255,10,0
0.162800276,0.172002361,0.0070985,0.007,0.708284981,0.002804832,0.066990471,1.880198777,0.024867664,0.839041184,0,41.70064553,0.566666667,1,0.533333333,15,0.371611676,15,0.516397779
0.789602285,17.75721475,0.759549521,0.1722,0.58632682,0.149030237,0.291821707,1.853545487,0.038922426,2.814029209,0.004100536,39.08162091,0.589285714,1,0.357142857,14,0.303934818,14,0.497245158
0.859941161,30.89773324,0.128008503,0.0345,0.566409715,0.077046857,0.251604385,1.696028786,0.069551652,4.0711055,0,39.98557277,0.71875,1,0.875,8,0.20863074,8,0.353553391
0.70851985,62.3400223,0.153150005,0.29315,0.478829022,0.139593121,0.211984981,1.761033697,0.071552041,13.22276092,0,43.25810414,0.5,0.4,0.6,10,0.288675135,10,0.516397779
0.511434875,12.76398579,0.197529506,0.176922,0.618930847,0.049613563,0.226455917,1.442674272,0.080523332,1.247502548,0,29.50924382,0.875,1,1,10,0.176776695,10,0
0,0,0.161884504,0.00707,0.633936885,0.055903472,0.098269407,1.858562032,0.018982154,0.435222364,0,44.99549849,0.484375,1,0.625,16,0.322344924,16,0.5
0.800045264,28.76932217,0.045048501,0.263036,0.552631444,0.061105695,0.247300519,1.606066324,0.08526476,3.619305297,0,35.92793373,0.725,1,0.85,20,0.267788212,20,0.366347549
0,0,0.944462029,0.54095,0.423852357,0.138099174,0.441457329,2.920068812,0.140963923,0.016304982,0.000309391,31.93540461,0.583333333,1,0.291666667,24,0.309862054,24,0.464305621
0.781368541,50.95011104,0.328952011,1.4934,0.59273849,0.041585705,0.418281926,1.684276122,0.076900808,0.811308534,0,29.55257006,0.519230769,0.3,0.153846154,13,0.259437261,13,0.375533808
0.812412394,48.30287427,0.34340601,1.8184,0.599013742,0.03684419,0.435175159,1.538476617,0.041499826,3.216774748,0,41.66139016,0.166666667,0.3,0,6,0.129099445,6,0
0.796225024,23.21301556,0.033868501,0,0.549630237,0.144729524,0.186998469,1.580746456,0.086552637,0.2273319,0,32.58070531,0.75,1,0.909090909,11,0.273861279,11,0.301511345
0.333926339,2.804478408,0.118219505,0,0.870895862,0.052878071,0.070405374,1.525760642,0.015906689,0.589052966,0,42.34078656,0.590909091,1,0.818181818,11,0.340454242,11,0.404519917
0.191270844,1.807932187,0.105885504,2.22E-16,0.769946154,0.109734906,0.082280972,1.487492989,0.037577906,0.011171039,0,33.16965931,0.75,1,0.833333333,6,0.273861279,6,0.40824829
0.732902849,44.38894275,0.146178505,0.0993,0.47159884,0.075286466,0.165088741,1.458811653,0.028253842,0.453832161,0,45.49338648,0.458333333,0,0.583333333,24,0.343152478,24,0.503610155
0.856299707,54.33422411,0.031230501,0.127,0.513752165,0.037732241,0.111893143,1.534281587,0.03646629,0.626371779,0,44.96200528,0.53125,1,0.625,16,0.286865241,16,0.5
0,0,0.230031507,0.193,0.796547767,0.0870898,0.023396402,1.372983157,0.025289586,0.000476814,0,38.97059827,0.465909091,1,0.5,22,0.320856875,22,0.511766316
0.687722111,15.92463504,0.062862002,0.0935,0.600377928,0.081382498,0.05037862,1.526310479,0.044212345,0.119769993,0,41.62634266,0.75,1,1,12,0.213200716,12,0
0.319780017,3.534429199,0.034023501,0.0107,0.630390003,0.044871654,0.159694815,1.622386443,0.00973143,0.127006076,0,49.16164798,0.476190476,0,0.476190476,21,0.352710592,21,0.511766316
0.138963469,0.982844829,0.151798505,1.33E-15,0.77308378,0.087612784,0.003429172,1.348787921,0.013384687,0.010425672,0,37.08503198,0.73,1,0.88,25,0.296858552,25,0.331662479
0.124018413,0.999694857,0.072150002,0.1825,0.752211746,0.088553374,0.069443253,1.471651097,0.033820621,0.138167744,0,31.54132641,0.729166667,1,0.75,12,0.270906167,12,0.452267017
0.789572186,38.93483068,0.283542009,1.512,0.593011327,0.051386397,0.389292919,1.511087632,0.106988096,0.480351338,0,19.63298604,0.557692308,1,0,13,0.308792105,13,0
0.85713236,106.2645833,0.0014345,0.2106,0.419759801,0.135603338,0.321477501,1.688231913,0.190589264,4.345730682,0.000276566,33.31244559,0.367647059,0,0.294117647,17,0.30768347,17,0.469668218
0.059805809,0.073747419,0.055334002,0.01067,0.72410953,0.099742749,0.007924853,1.623132818,0.039601117,0.012411246,0,32.26921789,0.694444444,1,0.833333333,18,0.278593573,18,0.383482494
0.702958935,46.56596315,0.0090285,0.0506,0.429718353,0.137901238,0.396583443,2.56191732,0.071383963,5.59437697,0.001211515,39.20489716,0.733333333,1,0.733333333,15,0.220928775,15,0.457737708
0.152607071,3.212791566,1.002941757,0.243,0.707120092,0.128131766,0.090216063,1.37075573,0.041553121,2.679295617,0,39.46610661,0.473684211,1,0.473684211,19,0.275059802,19,0.512989176
0.393262585,3.720544364,0.042728001,0,0.672543327,0.112667864,0.103448464,1.573586868,0.045264704,0.020548306,0,30.77573504,0.854166667,1,0.833333333,12,0.225084159,12,0.389249472
0.868657031,39.20451252,0.032419501,0.0734,0.519345324,0.089586514,0.187587353,1.559557877,0.0619181,0.304173125,0,37.93353427,0.681818182,1,1,11,0.25226249,11,0
0.731945852,42.0112493,0.182048005,0,0.519208905,0.112055822,0.25561333,1.60346809,0.067768427,0.358274016,0,38.9837516,0.796875,0,0.9375,16,0.208541563,16,0.25
0,0,1.1737374,0.485,0.607261731,0.136375163,0.438412687,1.804520953,0.062239289,0.852418438,0,34.77527131,0.366666667,0.7,0.266666667,15,0.208452347,15,0.457737708
0,0,0.087776002,2.22E-16,0.138601221,100,100,2.150190328,0.012193604,0,0,45.79178243,0.147058824,1,0.117647059,17,0.217565068,17,0.332105582
0.279214919,5.53344865,0.002786,0,0.61865801,0.051014628,0.142425179,1.917201224,0.019027108,0.086705819,0,41.89278231,0.5,1,0.529411765,17,0.279508497,17,0.514495755
0,0,1.287449304,0,0.564699152,0.127385138,0.141262511,1.643754937,0.000941436,0.001172188,0,47.31787407,0.321428571,0,0.357142857,14,0.301096896,14,0.497245158
0.828487879,19.64463544,0.041311501,0.0793,0.586053983,0.117288901,0.155097705,1.558156864,0.044342946,0.105100819,0,36.74999465,0.730769231,1,0.615384615,13,0.330112646,13,0.506369684
0,0,0.070885502,0.157,0.775948569,0.012243541,0.010698328,1.392971771,0.022458881,0.426176349,0,40.56407183,0.464285714,1,0.5,14,0.274862603,14,0.518874522
0,0,0.034443501,0.1486,0.771310339,0.090253662,0.001541354,1.539288169,0.018870856,0.000699791,0,37.37855619,0.821428571,0,0.928571429,14,0.228468383,14,0.267261242
0.781645128,28.07071287,0.128505505,0.0105,0.550175911,0.094312475,0.252443915,1.413695754,0.088669028,1.445295016,0,29.04390035,0.738095238,1,0.714285714,21,0.267817457,21,0.46291005
0.404741929,5.752212844,0.115858504,4.44E-16,0.691641921,0.084917103,0.055542607,1.524666421,0.047068735,0.250618413,0,26.77937776,0.825,1,1,10,0.120761473,10,0
0.576474555,10.62502085,0.042392002,0.0074,0.610882154,0.12149081,0.13952973,1.534309234,0.05865076,0.025741959,0,36.23615836,0.859375,1,1,16,0.203485257,16,0
0.544422181,11.89569408,0.091374503,0,0.606380343,0.15775351,0.169512042,1.497717724,0.07541078,0.053249047,0,36.36681625,0.822916667,1,0.958333333,24,0.116076405,24,0.204124145
0.511839745,32.20683384,0.019230501,1.072,0.529849551,0.086842966,0.288918659,1.728248994,0.110428464,9.453087973,0,34.44615402,0.464285714,1,0,14,0.323103086,14,0
0.160043398,0.363307752,0.075909503,0,0.733931663,0.112677672,0.090666103,1.542289638,0.043823078,0.002908833,0,32.29090896,0.75,1,0.916666667,12,0.213200716,12,0.288675135
0,0,0.0060125,0.0107,0.826150586,0.044169833,0.175173153,1.550806835,0.003404749,0.010457327,0,46.5450685,0.776315789,0,0.894736842,19,0.20232566,19,0.315301768
0,0,0.381626012,0.169,0.714014559,0.109620375,0.114616394,1.24880279,0.033201288,1.147020281,0,43.52615421,0.617647059,1,0.647058824,17,0.354850839,17,0.492592183
0.444237927,4.707564576,0.034346002,0.1846,0.654536082,0.026177433,0.158746782,1.609649541,0.048123336,0.789950093,0,31.43516143,0.825,1,0.9,10,0.168737139,10,0.316227766
0.743635728,66.85507152,0.076425502,0.182,0.448816947,0.103087335,0.274136068,1.230447901,0.037282639,0.839686057,0.000425286,40.54550099,0.2,1,0,5,0.111803399,5,0
0.725685449,59.77666855,0.038803501,0.07,0.461640288,0.094318391,0.269219041,1.264773177,0.042994916,1.283678498,0.001678863,38.62251714,0.535714286,1,0.928571429,14,0.237315573,14,0.267261242
0.749809165,36.38581412,0.094464503,0.1588,0.516616953,0.12030107,0.183696683,1.442954609,0.059961496,0.30254799,0,39.77855652,0.522727273,1,0.636363636,11,0.207802354,11,0.504524979
0.642038286,14.48013429,0.076296503,0,0.59928658,0.176852157,0.220569741,1.383491736,0.083815651,0.129922806,0,28.30587323,0.833333333,1,0.888888889,18,0.148522131,18,0.323380833
0,0,0.176751506,0.0915,0.660811334,0.080479545,0.085147891,1.501439719,0.044036532,0.930196921,0,36.17022399,0.75,1,0.9,10,0.166666667,10,0.316227766
0,0,1.057848534,0.0648,0.397250744,0.008353862,0.237771628,1.989416642,0.000350121,0,0,50.18619554,0.203125,0.8,0.3125,16,0.208541563,16,0.478713554
0.878373458,3.815901011,0.563114017,0.0522,0.517571884,0.221186749,0.337315447,1.983460775,0.015512324,0.277861785,0,44.40130451,0.35,1,0.3,10,0.268741925,10,0.483045892
0.676403177,14.70125185,0.049269501,0,0.600105091,0.123910468,0.142829646,1.592846452,0.058923901,0.102768294,0,33.89339085,0.826923077,1,1,13,0.213712604,13,0
0.955836707,25.81314305,0.494988515,0.0193,0.566546134,0.086298183,0.442031455,1.52970924,0.088607309,2.673768919,0,33.13545217,0.428571429,1,0.285714286,14,0.301096896,14,0.468807231
0.671201216,37.5804486,0.005642,0,0.47255377,0.062434987,0.408185435,2.914706709,0.049223752,6.233672145,0.001603869,34.51449322,0.703125,1,0.4375,16,0.208541563,16,0.512347538
0.934484624,62.45184548,0.021924501,0.62439,0.495472082,0.06166487,0.36458496,2.935265136,0.137216818,2.40609492,0,35.70097638,0.519230769,1,0.307692308,13,0.278790888,13,0.480384461
0.716539978,27.62658069,0.034350001,2.22E-16,0.543491403,0.048617346,0.006038489,1.563540107,0.026452957,0.369141667,0,39.69090211,0.566666667,0,0.533333333,15,0.274945882,15,0.516397779
0,0,1.543686047,0.005065599,0.471053166,0.14487425,0.316879706,3.073442347,0.078083504,0.481639148,0,33.50042989,0.113636364,0.1,0,11,0.130558242,11,0
0.951988847,88.10968915,0.181809506,1.575999767,0.471326003,0.02850175,0.365916238,3.073201368,0.141561619,1.099743343,0,36.70854723,0.763888889,1,0.611111111,18,0.181339425,18,0.501631326
0.789063772,18.74745167,0.033174001,0.710676254,0.583189194,0.051123552,0.113497947,1.840172812,0.054757059,0.088032905,0,40.66053664,0.4375,0.3,0,8,0.395284708,8,0
0,0,2.642796265,2.866853985,0.377396517,0.312137042,0.49999422,2.750415409,0.001744623,0.000993221,0,43.61803315,0.138888889,0,0,9,0.131761569,9,0
0,0,1.076862534,2.22E-16,0.220315917,0.285072292,0.001466028,1.240519937,0.000209863,0,0,40.07980584,0.361111111,0,0.111111111,9,0.282597083,9,0.333333333
